subjID,type,experience,current_trial,firstsec,effort_level,numpressess,rt,value
48,Liking,No Experience,4,0,Medium,29,9250,3
48,Liking,No Experience,6,0,Low,16,3015,3
48,Liking,No Experience,8,0,High,60,2221,4
48,Liking,No Experience,10,0,Low,18,3284,5
48,Liking,No Experience,12,0,Medium,25,12187,3
48,Liking,No Experience,14,0,Medium,26,1545,4
48,Liking,No Experience,16,0,Low,15,952,4
48,Liking,No Experience,18,0,High,62,1648,3
48,Liking,No Experience,20,0,High,62,2929,3
1,Value,Experience,5,0,Medium,29,2658,4
1,Value,Experience,7,0,High,78,1892,5
1,Value,Experience,9,0,High,80,1718,2
1,Value,Experience,11,0,Medium,25,1304,3
1,Value,Experience,13,0,Low,20,1323,3
1,Value,Experience,15,0,High,68,1366,5
1,Value,Experience,17,0,Low,28,1437,1
1,Value,Experience,19,0,Low,21,1642,5
1,Value,Experience,21,0,Medium,42,834,5
31,Value,No Experience,4,0,Medium,38,9573,2
31,Value,No Experience,6,0,Low,22,4030,3
31,Value,No Experience,8,0,High,94,1321,4
31,Value,No Experience,10,0,Low,21,1846,2
31,Value,No Experience,12,0,Medium,39,2375,1
31,Value,No Experience,14,0,High,76,1845,5
31,Value,No Experience,16,0,Low,21,1596,1
31,Value,No Experience,18,0,Medium,37,1415,2
31,Value,No Experience,20,0,High,87,1341,3
169,Liking,Experience,41,0,Medium,16,4098,3
169,Liking,Experience,43,0,High,28,3610,2
169,Liking,Experience,45,0,High,29,1902,2
169,Liking,Experience,47,0,Medium,15,4115,4
169,Liking,Experience,49,0,Low,13,3626,3
169,Liking,Experience,51,0,Low,9,2260,4
169,Liking,Experience,53,0,High,30,1621,2
169,Liking,Experience,55,0,Medium,12,4197,3
169,Liking,Experience,57,0,Low,9,1769,3
39,Liking,No Experience,4,0,High,90,6409,3
39,Liking,No Experience,6,0,Medium,37,1618,4
39,Liking,No Experience,8,0,High,92,1394,2
39,Liking,No Experience,10,0,Medium,27,1656,3
39,Liking,No Experience,12,0,Low,20,1633,5
39,Liking,No Experience,14,0,Medium,35,963,3
39,Liking,No Experience,16,0,Low,21,775,5
39,Liking,No Experience,18,0,Low,24,851,3
39,Liking,No Experience,20,0,High,80,2141,1
93,Value,No Experience,4,0,Low,22,6955,3
93,Value,No Experience,6,0,High,70,4360,4
93,Value,No Experience,8,0,Medium,37,2085,3
93,Value,No Experience,10,0,High,81,2746,3
93,Value,No Experience,12,0,Low,21,1688,1
93,Value,No Experience,14,0,Medium,33,1738,2
93,Value,No Experience,16,0,High,75,1611,2
93,Value,No Experience,18,0,Low,15,1733,2
93,Value,No Experience,20,0,Medium,29,2249,1
78,Value,Experience,27,0,Medium,36,7641,1
78,Value,Experience,29,0,Low,19,2323,3
78,Value,Experience,31,0,Low,21,1914,4
78,Value,Experience,33,0,Low,20,1400,4
78,Value,Experience,35,0,High,89,1173,5
78,Value,Experience,37,0,Medium,35,936,3
78,Value,Experience,39,0,High,89,1648,5
78,Value,Experience,41,0,High,86,2450,4
78,Value,Experience,43,0,Medium,36,2380,3
153,Liking,No Experience,4,0,High,92,3920,2
153,Liking,No Experience,6,0,Medium,40,2447,4
153,Liking,No Experience,8,0,Medium,37,2742,2
153,Liking,No Experience,10,0,Low,24,8178,4
153,Liking,No Experience,12,0,Low,22,1529,3
153,Liking,No Experience,14,0,High,92,1567,3
153,Liking,No Experience,16,0,Low,23,4373,2
153,Liking,No Experience,18,0,Medium,38,2740,4
153,Liking,No Experience,20,0,High,91,4290,4
47,Value,No Experience,4,0,High,28,6906,1
47,Value,No Experience,6,0,Low,8,7757,4
47,Value,No Experience,8,0,Low,6,3029,4
47,Value,No Experience,10,0,High,28,2808,3
47,Value,No Experience,12,0,Medium,11,2071,2
47,Value,No Experience,14,0,High,28,1832,1
47,Value,No Experience,16,0,Medium,12,2466,3
47,Value,No Experience,18,0,Low,7,1791,2
47,Value,No Experience,20,0,Medium,11,1735,2
97,Liking,No Experience,4,0,Medium,38,3465,1
97,Liking,No Experience,6,0,Medium,37,1806,2
97,Liking,No Experience,8,0,High,91,1489,1
97,Liking,No Experience,10,0,High,90,3763,2
97,Liking,No Experience,12,0,High,83,2720,2
97,Liking,No Experience,14,0,Low,19,3114,2
97,Liking,No Experience,16,0,Low,19,2721,2
97,Liking,No Experience,18,0,Medium,30,2033,2
97,Liking,No Experience,20,0,Low,18,1576,3
172,Value,Experience,26,0,Medium,11,10830,4
172,Value,Experience,28,0,Low,6,2369,5
172,Value,Experience,30,0,Low,6,3596,2
172,Value,Experience,32,0,High,22,3215,1
172,Value,Experience,34,0,High,22,4853,1
172,Value,Experience,36,0,Low,6,7007,3
172,Value,Experience,38,0,High,20,3964,5
172,Value,Experience,40,0,Medium,9,3316,4
172,Value,Experience,42,0,Medium,9,2803,3
193,Value,No Experience,4,0,High,93,3481,2
193,Value,No Experience,6,0,Low,21,2998,1
193,Value,No Experience,8,0,High,91,2066,1
193,Value,No Experience,10,0,Medium,38,3635,4
193,Value,No Experience,12,0,Medium,37,2245,3
193,Value,No Experience,14,0,Medium,36,2245,3
193,Value,No Experience,16,0,High,90,1660,1
193,Value,No Experience,18,0,Low,21,2334,5
193,Value,No Experience,20,0,Low,21,1556,4
135,Liking,Experience,47,0,Medium,38,3947,3
135,Liking,Experience,49,0,High,90,2463,1
135,Liking,Experience,51,0,High,88,2165,2
135,Liking,Experience,53,0,Low,15,1487,4
135,Liking,Experience,55,0,Medium,26,1076,3
135,Liking,Experience,57,0,Low,20,1094,2
135,Liking,Experience,59,0,High,88,2077,2
135,Liking,Experience,61,0,Low,18,800,5
135,Liking,Experience,63,0,Medium,32,1092,4
133,Value,No Experience,4,0,Medium,37,10315,2
133,Value,No Experience,6,0,Medium,38,2811,3
133,Value,No Experience,8,0,High,95,5663,5
133,Value,No Experience,10,0,Low,22,2091,1
133,Value,No Experience,12,0,High,94,4963,4
133,Value,No Experience,14,0,Low,21,2011,1
133,Value,No Experience,16,0,Low,22,1882,1
133,Value,No Experience,18,0,Medium,36,2744,3
133,Value,No Experience,20,0,High,92,2421,5
103,Value,No Experience,4,0,High,85,4272,1
103,Value,No Experience,6,0,Low,17,2437,2
103,Value,No Experience,8,0,Low,18,2543,5
103,Value,No Experience,10,0,Medium,30,1289,5
103,Value,No Experience,12,0,High,81,2764,3
103,Value,No Experience,14,0,Medium,23,2858,2
103,Value,No Experience,16,0,Low,18,4825,4
103,Value,No Experience,18,0,Medium,11,2552,5
103,Value,No Experience,20,0,High,49,3504,3
122,Liking,No Experience,4,0,Medium,39,5828,4
122,Liking,No Experience,6,0,High,93,5749,3
122,Liking,No Experience,8,0,Low,21,4036,3
122,Liking,No Experience,10,0,High,92,14160,4
122,Liking,No Experience,12,0,High,93,3941,3
122,Liking,No Experience,14,0,Low,21,2987,2
122,Liking,No Experience,16,0,Medium,36,2146,3
122,Liking,No Experience,18,0,Low,21,2740,1
122,Liking,No Experience,20,0,Medium,37,2435,4
73,Value,Experience,35,0,High,65,2037,3
73,Value,Experience,37,0,Medium,26,1236,2
73,Value,Experience,39,0,High,64,1678,5
73,Value,Experience,41,0,Medium,25,1409,2
73,Value,Experience,43,0,Medium,25,1628,2
73,Value,Experience,45,0,Low,12,1315,1
73,Value,Experience,47,0,Low,16,1419,3
73,Value,Experience,49,0,Low,14,1585,1
73,Value,Experience,51,0,High,38,1630,5
189,Liking,Experience,34,0,Low,15,2952,3
189,Liking,Experience,36,0,Medium,24,1653,5
189,Liking,Experience,38,0,High,53,8891,5
189,Liking,Experience,40,0,Low,15,2445,5
189,Liking,Experience,42,0,High,53,2091,2
189,Liking,Experience,44,0,Medium,30,2397,3
189,Liking,Experience,46,0,High,62,2007,5
189,Liking,Experience,48,0,Medium,25,2205,1
189,Liking,Experience,50,0,Low,12,3536,3
52,Value,No Experience,4,0,High,25,3878,2
52,Value,No Experience,6,0,Medium,17,2343,4
52,Value,No Experience,8,0,Low,12,1718,2
52,Value,No Experience,10,0,Low,6,2392,1
52,Value,No Experience,12,0,High,26,1628,1
52,Value,No Experience,14,0,High,30,2255,2
52,Value,No Experience,16,0,Low,8,2594,2
52,Value,No Experience,18,0,Medium,13,1858,1
52,Value,No Experience,20,0,Medium,11,1891,1
144,Liking,No Experience,4,0,High,47,5254,4
144,Liking,No Experience,6,0,Low,12,4480,4
144,Liking,No Experience,8,0,High,47,3738,5
144,Liking,No Experience,10,0,Medium,21,2636,4
144,Liking,No Experience,12,0,High,46,2286,5
144,Liking,No Experience,14,0,Low,11,1990,5
144,Liking,No Experience,16,0,Low,11,2782,3
144,Liking,No Experience,18,0,Medium,18,1465,3
144,Liking,No Experience,20,0,Medium,20,2320,5
168,Value,Experience,30,0,Low,14,2962,1
168,Value,Experience,32,0,Low,15,2231,1
168,Value,Experience,34,0,Medium,25,1962,3
168,Value,Experience,36,0,High,55,1604,5
168,Value,Experience,38,0,Medium,24,5543,3
168,Value,Experience,40,0,Low,12,1117,1
168,Value,Experience,42,0,High,54,1685,5
168,Value,Experience,44,0,High,52,1709,5
168,Value,Experience,46,0,Medium,21,3140,2
151,Liking,Experience,36,0,High,79,3102,2
151,Liking,Experience,38,0,High,75,1720,3
151,Liking,Experience,40,0,Low,19,1908,1
151,Liking,Experience,42,0,High,85,2274,4
151,Liking,Experience,44,0,Medium,33,2215,3
151,Liking,Experience,46,0,Medium,33,1822,4
151,Liking,Experience,48,0,Low,20,1537,3
151,Liking,Experience,50,0,Low,19,1402,4
151,Liking,Experience,52,0,Medium,34,3139,2
27,Value,No Experience,4,0,High,35,9453,2
27,Value,No Experience,6,0,High,37,2454,3
27,Value,No Experience,8,0,Low,14,2072,4
27,Value,No Experience,10,0,Low,12,1981,2
27,Value,No Experience,12,0,Medium,17,2544,1
27,Value,No Experience,14,0,Low,11,1685,5
27,Value,No Experience,16,0,High,43,3528,4
27,Value,No Experience,18,0,Medium,19,1715,4
27,Value,No Experience,20,0,Medium,17,1944,2
166,Liking,Experience,39,0,Low,20,4757,4
166,Liking,Experience,41,0,High,81,1911,2
166,Liking,Experience,43,0,Medium,37,1741,4
166,Liking,Experience,45,0,Medium,34,962,4
166,Liking,Experience,47,0,Low,19,1150,4
166,Liking,Experience,49,0,Low,18,959,4
166,Liking,Experience,51,0,Medium,32,2579,4
166,Liking,Experience,53,0,High,84,1715,2
166,Liking,Experience,55,0,High,74,1198,2
56,Value,Experience,28,0,Medium,35,4772,3
56,Value,Experience,30,0,High,86,1161,5
56,Value,Experience,32,0,High,86,1440,4
56,Value,Experience,34,0,High,81,5219,4
56,Value,Experience,36,0,Low,19,1802,2
56,Value,Experience,38,0,Medium,31,1339,1
56,Value,Experience,40,0,Low,18,1665,5
56,Value,Experience,42,0,Medium,33,1427,3
56,Value,Experience,44,0,Low,18,1654,5
182,Liking,No Experience,4,0,Medium,39,7470,4
182,Liking,No Experience,6,0,Medium,38,1772,4
182,Liking,No Experience,8,0,High,90,1565,3
182,Liking,No Experience,10,0,Low,21,1994,4
182,Liking,No Experience,12,0,Low,21,1758,3
182,Liking,No Experience,14,0,Medium,37,1340,3
182,Liking,No Experience,16,0,Low,21,1892,4
182,Liking,No Experience,18,0,High,84,2074,5
182,Liking,No Experience,20,0,High,65,1047,5
32,Value,No Experience,4,0,High,90,10485,2
32,Value,No Experience,6,0,Low,21,7056,3
32,Value,No Experience,8,0,Low,21,5726,3
32,Value,No Experience,10,0,Medium,34,3177,3
32,Value,No Experience,12,0,High,77,2384,5
32,Value,No Experience,14,0,Medium,31,1755,2
32,Value,No Experience,16,0,Low,18,2532,1
32,Value,No Experience,18,0,Medium,29,2311,2
32,Value,No Experience,20,0,High,67,2641,4
200,Value,Experience,39,0,Medium,24,10266,1
200,Value,Experience,41,0,Low,12,4129,3
200,Value,Experience,43,0,High,49,4065,1
200,Value,Experience,45,0,High,44,3386,3
200,Value,Experience,47,0,Medium,21,2467,5
200,Value,Experience,49,0,High,41,2512,4
200,Value,Experience,51,0,Low,12,3538,3
200,Value,Experience,53,0,Low,11,2576,5
200,Value,Experience,55,0,Medium,18,2191,5
87,Value,No Experience,4,0,Medium,38,7705,1
87,Value,No Experience,6,0,Low,21,4066,2
87,Value,No Experience,8,0,Medium,37,3820,3
87,Value,No Experience,10,0,Low,21,1715,3
87,Value,No Experience,12,0,High,92,7763,4
87,Value,No Experience,14,0,High,89,3080,2
87,Value,No Experience,16,0,High,92,4360,5
87,Value,No Experience,18,0,Low,25,4169,3
87,Value,No Experience,20,0,Medium,35,2308,2
126,Liking,No Experience,4,0,Low,15,2446,3
126,Liking,No Experience,6,0,High,89,2958,4
126,Liking,No Experience,8,0,Medium,35,4435,5
126,Liking,No Experience,10,0,Low,22,1351,2
126,Liking,No Experience,12,0,Medium,36,4703,2
126,Liking,No Experience,14,0,High,84,2904,5
126,Liking,No Experience,16,0,Medium,32,2309,4
126,Liking,No Experience,18,0,Low,20,1289,1
126,Liking,No Experience,20,0,High,72,1637,3
137,Value,No Experience,4,0,Low,22,4300,2
137,Value,No Experience,6,0,Medium,39,2894,1
137,Value,No Experience,8,0,High,94,2538,2
137,Value,No Experience,10,0,Medium,37,1966,4
137,Value,No Experience,12,0,High,89,1623,4
137,Value,No Experience,14,0,High,83,2647,2
137,Value,No Experience,16,0,Low,17,1491,3
137,Value,No Experience,18,0,Low,17,1382,2
137,Value,No Experience,20,0,Medium,30,1902,3
65,Value,Experience,36,0,Medium,32,2244,3
65,Value,Experience,38,0,High,78,1875,5
65,Value,Experience,40,0,Low,20,779,5
65,Value,Experience,42,0,High,76,1018,5
65,Value,Experience,44,0,High,77,882,5
65,Value,Experience,46,0,Medium,34,1943,5
65,Value,Experience,48,0,Medium,30,756,5
65,Value,Experience,50,0,Low,19,897,5
65,Value,Experience,52,0,Low,19,1174,5
85,Value,No Experience,4,0,High,58,5395,1
85,Value,No Experience,6,0,Medium,22,2272,1
85,Value,No Experience,8,0,Low,11,2045,2
85,Value,No Experience,10,0,High,59,2077,1
85,Value,No Experience,12,0,Low,10,2300,1
85,Value,No Experience,14,0,Medium,18,1849,1
85,Value,No Experience,16,0,Low,13,2542,1
85,Value,No Experience,18,0,High,60,2524,4
85,Value,No Experience,20,0,Medium,28,2137,1
161,Liking,No Experience,4,0,Low,23,7057,3
161,Liking,No Experience,6,0,Medium,39,3031,3
161,Liking,No Experience,8,0,Low,22,1943,4
161,Liking,No Experience,10,0,Low,24,2179,2
161,Liking,No Experience,12,0,High,94,1829,5
161,Liking,No Experience,14,0,Medium,39,2329,2
161,Liking,No Experience,16,0,High,92,3459,1
161,Liking,No Experience,18,0,Medium,42,5583,3
161,Liking,No Experience,20,0,High,94,2198,4
18,Liking,Experience,41,0,Medium,35,6367,4
18,Liking,Experience,43,0,Low,20,1907,2
18,Liking,Experience,45,0,High,79,1956,2
18,Liking,Experience,47,0,Low,21,2436,3
18,Liking,Experience,49,0,High,83,1823,1
18,Liking,Experience,51,0,Medium,36,1724,3
18,Liking,Experience,53,0,Medium,36,1438,3
18,Liking,Experience,55,0,Low,17,1751,4
18,Liking,Experience,57,0,High,86,2396,2
194,Value,Experience,24,0,Medium,38,5515,2
194,Value,Experience,26,0,Medium,33,3679,1
194,Value,Experience,28,0,High,65,4947,3
194,Value,Experience,30,0,Low,23,3483,5
194,Value,Experience,32,0,High,76,3909,2
194,Value,Experience,34,0,Low,17,4371,4
194,Value,Experience,36,0,High,66,4624,1
194,Value,Experience,38,0,Low,20,3150,3
194,Value,Experience,40,0,Medium,37,3335,4
63,Liking,Experience,40,0,Low,20,4040,5
63,Liking,Experience,42,0,Medium,37,3241,2
63,Liking,Experience,44,0,Medium,37,1672,4
63,Liking,Experience,46,0,High,90,2006,1
63,Liking,Experience,48,0,High,89,1706,1
63,Liking,Experience,50,0,Low,19,1354,4
63,Liking,Experience,52,0,High,86,1981,2
63,Liking,Experience,54,0,Medium,35,1619,1
63,Liking,Experience,56,0,Low,20,1410,4
2,Liking,No Experience,4,0,Medium,38,4062,5
2,Liking,No Experience,6,0,High,91,2838,3
2,Liking,No Experience,8,0,Low,21,2145,5
2,Liking,No Experience,10,0,Medium,38,1781,4
2,Liking,No Experience,12,0,Medium,37,3270,2
2,Liking,No Experience,14,0,High,90,2324,4
2,Liking,No Experience,16,0,High,87,2348,5
2,Liking,No Experience,18,0,Low,18,2041,2
2,Liking,No Experience,20,0,Low,21,2488,4
163,Liking,No Experience,4,0,Low,21,2406,4
163,Liking,No Experience,6,0,Medium,37,5016,4
163,Liking,No Experience,8,0,High,92,2520,4
163,Liking,No Experience,10,0,Low,22,1803,3
163,Liking,No Experience,12,0,Medium,37,2113,5
163,Liking,No Experience,14,0,Medium,37,1265,4
163,Liking,No Experience,16,0,High,92,1205,4
163,Liking,No Experience,18,0,Low,21,3438,4
163,Liking,No Experience,20,0,High,91,1269,4
61,Value,Experience,33,0,Low,7,1300,2
61,Value,Experience,35,0,High,39,2412,1
61,Value,Experience,37,0,High,36,956,4
61,Value,Experience,39,0,Low,9,1247,5
61,Value,Experience,41,0,Low,6,2296,4
61,Value,Experience,43,0,Medium,13,1224,3
61,Value,Experience,45,0,Medium,18,803,4
61,Value,Experience,47,0,High,32,1559,2
61,Value,Experience,49,0,Medium,13,2728,3
121,Liking,Experience,40,0,Medium,38,8672,4
121,Liking,Experience,42,0,Medium,38,4548,2
121,Liking,Experience,44,0,High,92,3972,3
121,Liking,Experience,46,0,Low,21,2282,4
121,Liking,Experience,48,0,High,91,2476,2
121,Liking,Experience,50,0,High,92,1602,2
121,Liking,Experience,52,0,Low,22,2196,5
121,Liking,Experience,54,0,Medium,37,3374,4
121,Liking,Experience,56,0,Low,22,1779,5
165,Liking,Experience,28,0,High,79,3558,5
165,Liking,Experience,30,0,Medium,30,3331,4
165,Liking,Experience,32,0,Medium,31,2397,5
165,Liking,Experience,34,0,High,73,2677,3
165,Liking,Experience,36,0,Low,17,4194,1
165,Liking,Experience,38,0,Low,17,2706,3
165,Liking,Experience,40,0,Medium,27,1673,3
165,Liking,Experience,42,0,Low,15,2089,4
165,Liking,Experience,44,0,High,63,1902,4
162,Liking,Experience,42,0,Low,21,4515,2
162,Liking,Experience,44,0,High,87,2289,3
162,Liking,Experience,46,0,Medium,38,1586,5
162,Liking,Experience,48,0,Low,21,1648,4
162,Liking,Experience,50,0,High,93,2055,3
162,Liking,Experience,52,0,Medium,35,1395,2
162,Liking,Experience,54,0,Low,22,1516,3
162,Liking,Experience,56,0,High,91,1885,3
162,Liking,Experience,58,0,Medium,37,1082,4
108,Value,Experience,33,0,Medium,19,5164,2
108,Value,Experience,35,0,Low,13,1867,5
108,Value,Experience,37,0,Medium,21,2044,4
108,Value,Experience,39,0,Low,15,2026,3
108,Value,Experience,41,0,High,46,1720,4
108,Value,Experience,43,0,High,46,2163,3
108,Value,Experience,45,0,Low,13,1932,4
108,Value,Experience,47,0,High,45,1828,3
108,Value,Experience,49,0,Medium,21,1153,3
101,Value,Experience,39,0,Medium,28,3780,2
101,Value,Experience,41,0,High,85,2103,3
101,Value,Experience,43,0,High,82,1713,4
101,Value,Experience,45,0,Low,18,1958,1
101,Value,Experience,47,0,High,83,3531,5
101,Value,Experience,49,0,Medium,32,1307,2
101,Value,Experience,51,0,Medium,34,1259,1
101,Value,Experience,53,0,Low,19,1882,3
101,Value,Experience,55,0,Low,18,1337,2
174,Liking,Experience,55,0,High,18,9434,1
174,Liking,Experience,57,0,High,18,16094,4
174,Liking,Experience,59,0,Low,7,3711,5
174,Liking,Experience,61,0,Low,7,4979,3
174,Liking,Experience,63,0,Medium,9,3965,2
174,Liking,Experience,65,0,Medium,10,1763,5
174,Liking,Experience,67,0,Medium,10,2014,5
174,Liking,Experience,69,0,High,17,2574,5
174,Liking,Experience,71,0,Low,7,2336,3
29,Liking,Experience,42,0,Low,21,3891,3
29,Liking,Experience,44,0,High,87,2393,1
29,Liking,Experience,46,0,Medium,36,1727,2
29,Liking,Experience,48,0,Medium,35,1442,2
29,Liking,Experience,50,0,High,79,1792,1
29,Liking,Experience,52,0,Medium,34,1880,4
29,Liking,Experience,54,0,Low,20,2023,5
29,Liking,Experience,56,0,High,82,1463,1
29,Liking,Experience,58,0,Low,19,1344,5
40,Liking,No Experience,4,0,Medium,41,7260,2
40,Liking,No Experience,6,0,Medium,28,2177,4
40,Liking,No Experience,8,0,Medium,37,3018,1
40,Liking,No Experience,10,0,Low,25,3153,3
40,Liking,No Experience,12,0,High,89,2256,1
40,Liking,No Experience,14,0,High,102,1956,1
40,Liking,No Experience,16,0,High,93,1997,1
40,Liking,No Experience,18,0,Low,20,1995,4
40,Liking,No Experience,20,0,Low,18,2269,5
42,Value,No Experience,4,0,High,93,5097,1
42,Value,No Experience,6,0,Low,23,1559,1
42,Value,No Experience,8,0,Medium,38,2710,2
42,Value,No Experience,10,0,Low,21,2413,1
42,Value,No Experience,12,0,High,92,2137,3
42,Value,No Experience,14,0,Medium,37,1753,1
42,Value,No Experience,16,0,Medium,37,1184,1
42,Value,No Experience,18,0,Low,19,1288,1
42,Value,No Experience,20,0,High,88,1663,4
69,Value,Experience,30,0,Medium,27,2008,3
69,Value,Experience,32,0,Low,15,1546,3
69,Value,Experience,34,0,High,62,2653,4
69,Value,Experience,36,0,Low,15,3491,4
69,Value,Experience,38,0,Medium,24,1413,5
69,Value,Experience,40,0,High,58,947,5
69,Value,Experience,42,0,Low,15,1500,5
69,Value,Experience,44,0,Medium,22,1246,2
69,Value,Experience,46,0,High,55,1187,3
141,Liking,No Experience,4,0,Medium,27,8880,3
141,Liking,No Experience,6,0,Low,23,3340,3
141,Liking,No Experience,8,0,Low,23,1953,1
141,Liking,No Experience,10,0,Medium,38,1961,4
141,Liking,No Experience,12,0,Low,23,1144,4
141,Liking,No Experience,14,0,High,92,1897,2
141,Liking,No Experience,16,0,High,92,3954,2
141,Liking,No Experience,18,0,High,93,1216,2
141,Liking,No Experience,20,0,Medium,36,1552,4
187,Value,No Experience,4,0,High,86,2556,1
187,Value,No Experience,6,0,Low,20,860,1
187,Value,No Experience,8,0,Low,20,651,2
187,Value,No Experience,10,0,High,91,907,1
187,Value,No Experience,12,0,High,82,739,1
187,Value,No Experience,14,0,Low,21,597,1
187,Value,No Experience,16,0,Medium,32,658,2
187,Value,No Experience,18,0,Medium,38,573,2
187,Value,No Experience,20,0,Medium,36,619,2
148,Liking,No Experience,4,0,Low,23,4803,3
148,Liking,No Experience,6,0,High,92,4588,4
148,Liking,No Experience,8,0,Low,22,4910,5
148,Liking,No Experience,10,0,High,92,2917,2
148,Liking,No Experience,12,0,High,90,2700,4
148,Liking,No Experience,14,0,Low,21,1646,5
148,Liking,No Experience,16,0,Medium,37,2161,2
148,Liking,No Experience,18,0,Medium,36,3097,2
148,Liking,No Experience,20,0,Medium,36,2609,5
143,Liking,Experience,43,0,High,93,12335,1
143,Liking,Experience,45,0,High,90,3923,1
143,Liking,Experience,47,0,Low,21,2373,5
143,Liking,Experience,49,0,Low,21,2476,5
143,Liking,Experience,51,0,Medium,37,1632,4
143,Liking,Experience,53,0,Medium,36,2078,4
143,Liking,Experience,55,0,Low,21,1798,5
143,Liking,Experience,57,0,Medium,37,2594,4
143,Liking,Experience,59,0,High,89,2397,3
111,Liking,No Experience,4,0,High,93,2888,1
111,Liking,No Experience,6,0,Low,22,4033,2
111,Liking,No Experience,8,0,Low,22,1430,1
111,Liking,No Experience,10,0,High,93,1802,1
111,Liking,No Experience,12,0,Medium,38,1240,1
111,Liking,No Experience,14,0,Medium,38,911,1
111,Liking,No Experience,16,0,Medium,37,973,1
111,Liking,No Experience,18,0,High,91,960,1
111,Liking,No Experience,20,0,Low,22,706,1
10,Value,No Experience,4,0,Low,14,5421,2
10,Value,No Experience,6,0,Low,19,2230,3
10,Value,No Experience,8,0,High,82,3052,3
10,Value,No Experience,10,0,Medium,34,2457,3
10,Value,No Experience,12,0,High,83,2387,2
10,Value,No Experience,14,0,Low,21,2373,2
10,Value,No Experience,16,0,Medium,36,2103,3
10,Value,No Experience,18,0,Medium,39,2046,2
10,Value,No Experience,20,0,High,83,2569,3
72,Liking,No Experience,4,0,High,93,8131,3
72,Liking,No Experience,6,0,Low,22,3693,2
72,Liking,No Experience,8,0,Medium,38,2016,3
72,Liking,No Experience,10,0,Low,23,2371,4
72,Liking,No Experience,12,0,Medium,33,2729,2
72,Liking,No Experience,14,0,High,90,2249,1
72,Liking,No Experience,16,0,Medium,33,2354,1
72,Liking,No Experience,18,0,Low,22,3480,2
72,Liking,No Experience,20,0,High,91,2945,1
171,Value,No Experience,4,0,Medium,37,7029,1
171,Value,No Experience,6,0,High,92,1843,2
171,Value,No Experience,8,0,High,92,1550,1
171,Value,No Experience,10,0,Medium,36,1004,1
171,Value,No Experience,12,0,Low,20,865,1
171,Value,No Experience,14,0,Low,21,769,1
171,Value,No Experience,16,0,High,90,1006,1
171,Value,No Experience,18,0,Medium,36,755,1
171,Value,No Experience,20,0,Low,21,773,1
154,Liking,No Experience,4,0,Low,23,9366,2
154,Liking,No Experience,6,0,Medium,38,2716,3
154,Liking,No Experience,8,0,Low,22,3592,2
154,Liking,No Experience,10,0,Low,22,4693,3
154,Liking,No Experience,12,0,Medium,34,1070,3
154,Liking,No Experience,14,0,High,83,1845,2
154,Liking,No Experience,16,0,Medium,36,1514,2
154,Liking,No Experience,18,0,High,77,2368,3
154,Liking,No Experience,20,0,High,76,4173,2
24,Value,No Experience,4,0,Medium,37,3497,2
24,Value,No Experience,6,0,Low,21,2060,1
24,Value,No Experience,8,0,Low,21,1757,3
24,Value,No Experience,10,0,Low,21,1858,5
24,Value,No Experience,12,0,High,85,1686,4
24,Value,No Experience,14,0,High,75,1883,5
24,Value,No Experience,16,0,Medium,27,1931,3
24,Value,No Experience,18,0,Medium,25,1139,3
24,Value,No Experience,20,0,High,56,2612,4
100,Value,No Experience,4,0,Low,22,3820,1
100,Value,No Experience,6,0,High,93,2690,3
100,Value,No Experience,8,0,Low,23,3281,2
100,Value,No Experience,10,0,Low,22,2229,2
100,Value,No Experience,12,0,High,90,2667,3
100,Value,No Experience,14,0,Medium,36,3637,5
100,Value,No Experience,16,0,High,88,2639,4
100,Value,No Experience,18,0,Medium,34,1690,4
100,Value,No Experience,20,0,Medium,35,1682,3
119,Liking,Experience,5,0,Medium,6,12114,3
119,Liking,Experience,7,0,Low,4,24451,5
119,Liking,Experience,9,0,Low,4,2023,2
119,Liking,Experience,11,0,High,13,1597,3
119,Liking,Experience,13,0,Medium,9,1632,4
119,Liking,Experience,15,0,High,12,1608,4
119,Liking,Experience,17,0,Medium,8,1494,3
119,Liking,Experience,19,0,Low,5,3190,2
119,Liking,Experience,21,0,High,12,2198,2
23,Liking,No Experience,4,0,High,41,6121,3
23,Liking,No Experience,6,0,High,41,5032,2
23,Liking,No Experience,8,0,Medium,18,3279,5
23,Liking,No Experience,10,0,Low,11,2030,5
23,Liking,No Experience,12,0,Low,12,2093,4
23,Liking,No Experience,14,0,High,41,2527,2
23,Liking,No Experience,16,0,Medium,17,2324,4
23,Liking,No Experience,18,0,Low,11,1901,5
23,Liking,No Experience,20,0,Medium,17,2372,4
140,Liking,Experience,34,0,High,25,6620,3
140,Liking,Experience,36,0,Low,9,8158,4
140,Liking,Experience,38,0,Medium,13,2606,3
140,Liking,Experience,40,0,High,34,1229,2
140,Liking,Experience,42,0,Low,7,1233,3
140,Liking,Experience,44,0,High,31,826,3
140,Liking,Experience,46,0,Medium,14,1817,4
140,Liking,Experience,48,0,Low,11,1601,5
140,Liking,Experience,50,0,Medium,12,1192,3
106,Liking,No Experience,4,0,High,72,4711,4
106,Liking,No Experience,6,0,Low,17,2710,1
106,Liking,No Experience,8,0,Low,17,2399,3
106,Liking,No Experience,10,0,Low,16,3185,4
106,Liking,No Experience,12,0,Medium,30,2044,5
106,Liking,No Experience,14,0,Medium,26,2679,3
106,Liking,No Experience,16,0,High,71,2266,5
106,Liking,No Experience,18,0,Medium,27,2055,4
106,Liking,No Experience,20,0,High,62,2143,2
43,Value,No Experience,4,0,High,41,7368,2
43,Value,No Experience,6,0,Medium,25,5225,4
43,Value,No Experience,8,0,High,52,6097,3
43,Value,No Experience,10,0,Medium,23,2257,1
43,Value,No Experience,12,0,Low,10,5460,2
43,Value,No Experience,14,0,Medium,16,3313,4
43,Value,No Experience,16,0,Low,9,2324,1
43,Value,No Experience,18,0,Low,10,2846,1
43,Value,No Experience,20,0,High,57,4900,3
201,Value,No Experience,4,0,Medium,36,7611,1
201,Value,No Experience,6,0,Medium,35,2858,1
201,Value,No Experience,8,0,Low,20,2298,2
201,Value,No Experience,10,0,High,79,2139,2
201,Value,No Experience,12,0,High,56,2353,1
201,Value,No Experience,14,0,High,68,2859,2
201,Value,No Experience,16,0,Low,14,2176,2
201,Value,No Experience,18,0,Low,15,1556,2
201,Value,No Experience,20,0,Medium,24,1703,2
178,Liking,Experience,33,0,Medium,35,4083,4
178,Liking,Experience,35,0,Medium,36,2603,4
178,Liking,Experience,37,0,Low,21,2042,3
178,Liking,Experience,39,0,High,83,2850,5
178,Liking,Experience,41,0,Low,20,3465,5
178,Liking,Experience,43,0,High,79,2109,2
178,Liking,Experience,45,0,Low,18,3829,4
178,Liking,Experience,47,0,Medium,34,1985,4
178,Liking,Experience,49,0,High,75,2914,4
75,Liking,No Experience,4,0,Low,15,7194,3
75,Liking,No Experience,6,0,High,102,4381,2
75,Liking,No Experience,8,0,High,84,5609,4
75,Liking,No Experience,10,0,Medium,36,4599,5
75,Liking,No Experience,12,0,Medium,25,2488,4
75,Liking,No Experience,14,0,Low,29,2568,2
75,Liking,No Experience,16,0,Low,21,2635,2
75,Liking,No Experience,18,0,High,82,2625,3
75,Liking,No Experience,20,0,Medium,29,2515,2
26,Value,No Experience,4,0,Low,23,2675,3
26,Value,No Experience,6,0,High,90,2266,4
26,Value,No Experience,8,0,Low,21,1604,5
26,Value,No Experience,10,0,Medium,38,2007,2
26,Value,No Experience,12,0,Low,18,2404,3
26,Value,No Experience,14,0,Medium,32,1383,2
26,Value,No Experience,16,0,High,81,1909,4
26,Value,No Experience,18,0,High,71,2180,4
26,Value,No Experience,20,0,Medium,31,2332,2
59,Liking,No Experience,4,0,Medium,38,6418,4
59,Liking,No Experience,6,0,Medium,38,3085,2
59,Liking,No Experience,8,0,High,93,5274,3
59,Liking,No Experience,10,0,High,92,1715,4
59,Liking,No Experience,12,0,Low,21,2069,4
59,Liking,No Experience,14,0,Low,21,2131,3
59,Liking,No Experience,16,0,Low,22,3743,4
59,Liking,No Experience,18,0,Medium,39,2399,2
59,Liking,No Experience,20,0,High,89,2317,2
67,Value,No Experience,4,0,High,92,3576,2
67,Value,No Experience,6,0,High,91,2154,1
67,Value,No Experience,8,0,Medium,38,1830,3
67,Value,No Experience,10,0,Low,22,2244,2
67,Value,No Experience,12,0,Low,22,1498,2
67,Value,No Experience,14,0,Medium,38,2567,4
67,Value,No Experience,16,0,Medium,38,1902,2
67,Value,No Experience,18,0,Low,21,1696,4
67,Value,No Experience,20,0,High,92,1131,5
50,Liking,No Experience,4,0,High,93,9302,3
50,Liking,No Experience,6,0,Medium,38,2520,4
50,Liking,No Experience,8,0,Medium,39,4447,3
50,Liking,No Experience,10,0,Low,23,3084,4
50,Liking,No Experience,12,0,High,92,2162,2
50,Liking,No Experience,14,0,Low,21,2338,4
50,Liking,No Experience,16,0,Medium,38,2348,5
50,Liking,No Experience,18,0,High,92,2871,4
50,Liking,No Experience,20,0,Low,22,2985,3
186,Liking,No Experience,4,0,Low,21,7340,3
186,Liking,No Experience,6,0,Medium,33,4689,4
186,Liking,No Experience,8,0,High,83,2699,2
186,Liking,No Experience,10,0,High,75,2660,1
186,Liking,No Experience,12,0,Medium,33,2010,4
186,Liking,No Experience,14,0,Medium,30,1936,4
186,Liking,No Experience,16,0,Low,18,1747,3
186,Liking,No Experience,18,0,Low,18,1574,2
186,Liking,No Experience,20,0,High,81,3113,2
184,Value,No Experience,4,0,High,47,6765,1
184,Value,No Experience,6,0,Medium,18,2364,3
184,Value,No Experience,8,0,High,49,4966,3
184,Value,No Experience,10,0,Low,12,3084,1
184,Value,No Experience,12,0,High,47,3299,4
184,Value,No Experience,14,0,Low,12,2452,3
184,Value,No Experience,16,0,Low,12,2459,2
184,Value,No Experience,18,0,Medium,20,2530,2
184,Value,No Experience,20,0,Medium,20,2366,4
64,Value,Experience,35,0,Medium,30,2692,3
64,Value,Experience,37,0,Medium,28,1409,2
64,Value,Experience,39,0,High,56,1840,4
64,Value,Experience,41,0,High,63,967,4
64,Value,Experience,43,0,Medium,26,1508,3
64,Value,Experience,45,0,High,56,1552,2
64,Value,Experience,47,0,Low,11,1252,2
64,Value,Experience,49,0,Low,13,1278,2
64,Value,Experience,51,0,Low,14,1522,1
49,Liking,Experience,38,0,Low,21,7691,5
49,Liking,Experience,40,0,High,93,2416,1
49,Liking,Experience,42,0,Medium,37,3159,2
49,Liking,Experience,44,0,Medium,36,2246,2
49,Liking,Experience,46,0,Low,21,1606,5
49,Liking,Experience,48,0,Medium,37,2246,3
49,Liking,Experience,50,0,High,89,1170,1
49,Liking,Experience,52,0,High,88,1693,1
49,Liking,Experience,54,0,Low,21,2270,5
71,Value,No Experience,4,0,Medium,39,3319,2
71,Value,No Experience,6,0,Low,23,2715,1
71,Value,No Experience,8,0,High,92,6451,5
71,Value,No Experience,10,0,High,86,949,4
71,Value,No Experience,12,0,High,87,1865,5
71,Value,No Experience,14,0,Low,21,1020,1
71,Value,No Experience,16,0,Medium,34,1499,1
71,Value,No Experience,18,0,Low,19,764,1
71,Value,No Experience,20,0,Medium,34,996,2
15,Liking,No Experience,4,0,High,94,9096,2
15,Liking,No Experience,6,0,High,94,3233,3
15,Liking,No Experience,8,0,Medium,40,3502,4
15,Liking,No Experience,10,0,Medium,38,1889,3
15,Liking,No Experience,12,0,High,79,2775,1
15,Liking,No Experience,14,0,Low,21,1486,2
15,Liking,No Experience,16,0,Low,17,1587,3
15,Liking,No Experience,18,0,Low,21,1749,4
15,Liking,No Experience,20,0,Medium,38,2118,2
139,Liking,No Experience,4,0,High,67,6232,3
139,Liking,No Experience,6,0,Medium,25,1684,5
139,Liking,No Experience,8,0,Medium,25,1334,4
139,Liking,No Experience,10,0,High,62,2631,4
139,Liking,No Experience,12,0,High,63,2261,2
139,Liking,No Experience,14,0,Low,15,2308,1
139,Liking,No Experience,16,0,Low,13,2148,3
139,Liking,No Experience,18,0,Low,16,1481,4
139,Liking,No Experience,20,0,Medium,23,2818,2
34,Value,No Experience,4,0,Medium,37,5158,2
34,Value,No Experience,6,0,High,89,3691,2
34,Value,No Experience,8,0,High,89,3649,3
34,Value,No Experience,10,0,Low,20,3291,1
34,Value,No Experience,12,0,Medium,35,3246,1
34,Value,No Experience,14,0,Low,19,1454,2
34,Value,No Experience,16,0,Low,19,1583,2
34,Value,No Experience,18,0,Medium,33,1849,1
34,Value,No Experience,20,0,High,80,1481,1
104,Liking,Experience,40,0,Low,13,15305,1
104,Liking,Experience,42,0,Medium,19,6439,2
104,Liking,Experience,44,0,Low,10,2926,4
104,Liking,Experience,46,0,High,44,3425,4
104,Liking,Experience,48,0,Medium,18,3707,5
104,Liking,Experience,50,0,Low,11,4051,3
104,Liking,Experience,52,0,High,39,2534,5
104,Liking,Experience,54,0,High,37,3164,4
104,Liking,Experience,56,0,Medium,18,3142,3
118,Value,No Experience,4,0,Low,21,4037,4
118,Value,No Experience,6,0,Medium,38,8182,2
118,Value,No Experience,8,0,High,62,1887,3
118,Value,No Experience,10,0,Low,21,1965,2
118,Value,No Experience,12,0,Medium,31,1705,3
118,Value,No Experience,14,0,High,62,1941,2
118,Value,No Experience,16,0,High,67,1956,4
118,Value,No Experience,18,0,Low,21,1972,3
118,Value,No Experience,20,0,Medium,26,1435,3
82,Liking,No Experience,4,0,Medium,38,3072,4
82,Liking,No Experience,6,0,High,93,1605,2
82,Liking,No Experience,8,0,Medium,38,1794,5
82,Liking,No Experience,10,0,Low,21,1249,4
82,Liking,No Experience,12,0,Medium,37,1423,3
82,Liking,No Experience,14,0,Low,22,2752,4
82,Liking,No Experience,16,0,Low,21,1808,2
82,Liking,No Experience,18,0,High,90,1433,1
82,Liking,No Experience,20,0,High,89,1859,4
176,Liking,Experience,33,0,High,90,3820,4
176,Liking,Experience,35,0,Low,20,1692,5
176,Liking,Experience,37,0,Medium,36,1396,4
176,Liking,Experience,39,0,High,92,2419,3
176,Liking,Experience,41,0,Low,20,1799,4
176,Liking,Experience,43,0,Medium,36,1188,4
176,Liking,Experience,45,0,Medium,36,1041,4
176,Liking,Experience,47,0,Low,21,1788,3
176,Liking,Experience,49,0,High,89,1539,3
105,Value,No Experience,4,0,High,90,7176,1
105,Value,No Experience,6,0,Low,23,2008,2
105,Value,No Experience,8,0,Medium,38,3089,2
105,Value,No Experience,10,0,Medium,38,1726,2
105,Value,No Experience,12,0,High,90,1712,5
105,Value,No Experience,14,0,Low,22,1792,1
105,Value,No Experience,16,0,High,75,1491,5
105,Value,No Experience,18,0,Medium,32,1801,1
105,Value,No Experience,20,0,Low,20,1125,1
132,Liking,No Experience,4,0,Medium,36,2239,2
132,Liking,No Experience,6,0,Medium,42,2036,4
132,Liking,No Experience,8,0,Low,22,1423,3
132,Liking,No Experience,10,0,Medium,40,685,3
132,Liking,No Experience,12,0,Low,24,1729,1
132,Liking,No Experience,14,0,High,95,2144,1
132,Liking,No Experience,16,0,High,91,1245,1
132,Liking,No Experience,18,0,Low,21,795,2
132,Liking,No Experience,20,0,High,80,1604,3
202,Value,Experience,35,0,Medium,37,3059,2
202,Value,Experience,37,0,Medium,37,1335,3
202,Value,Experience,39,0,High,91,1496,4
202,Value,Experience,41,0,High,92,908,4
202,Value,Experience,43,0,Low,21,1901,3
202,Value,Experience,45,0,Low,21,1309,1
202,Value,Experience,47,0,High,93,1316,5
202,Value,Experience,49,0,Medium,37,1281,4
202,Value,Experience,51,0,Low,21,1049,2
199,Liking,Experience,27,0,High,75,5473,1
199,Liking,Experience,29,0,High,74,2059,3
199,Liking,Experience,31,0,High,72,2507,1
199,Liking,Experience,33,0,Medium,31,1778,5
199,Liking,Experience,35,0,Low,17,1306,5
199,Liking,Experience,37,0,Low,17,639,5
199,Liking,Experience,39,0,Medium,28,788,5
199,Liking,Experience,41,0,Medium,28,966,5
199,Liking,Experience,43,0,Low,12,589,5
92,Liking,Experience,29,0,Medium,15,6693,4
92,Liking,Experience,31,0,Low,9,3590,3
92,Liking,Experience,33,0,High,33,2146,4
92,Liking,Experience,35,0,High,35,2416,2
92,Liking,Experience,37,0,Low,9,4261,2
92,Liking,Experience,39,0,Low,10,1456,2
92,Liking,Experience,41,0,High,32,2363,3
92,Liking,Experience,43,0,Medium,12,5287,3
92,Liking,Experience,45,0,Medium,14,2302,4
198,Value,Experience,53,0,High,16,2841,2
198,Value,Experience,55,0,Medium,10,2090,3
198,Value,Experience,57,0,High,19,2030,4
198,Value,Experience,59,0,Low,6,1024,3
198,Value,Experience,61,0,Low,6,1452,1
198,Value,Experience,63,0,Low,6,1038,3
198,Value,Experience,65,0,Medium,8,1312,2
198,Value,Experience,67,0,Medium,7,1652,1
198,Value,Experience,69,0,High,16,929,5
195,Value,Experience,37,0,High,93,2964,1
195,Value,Experience,39,0,High,91,1596,3
195,Value,Experience,41,0,High,91,1811,3
195,Value,Experience,43,0,Medium,37,1475,4
195,Value,Experience,45,0,Low,21,1305,3
195,Value,Experience,47,0,Low,21,1671,5
195,Value,Experience,49,0,Medium,38,2103,3
195,Value,Experience,51,0,Low,21,1318,4
195,Value,Experience,53,0,Medium,37,1249,2
68,Value,Experience,46,0,Low,16,2691,1
68,Value,Experience,48,0,Low,17,2051,2
68,Value,Experience,50,0,Medium,28,1770,3
68,Value,Experience,52,0,High,70,1857,5
68,Value,Experience,54,0,Medium,26,1460,3
68,Value,Experience,56,0,High,62,1238,2
68,Value,Experience,58,0,High,63,1413,4
68,Value,Experience,60,0,Low,14,1401,1
68,Value,Experience,62,0,Medium,27,1484,3
22,Liking,Experience,42,0,Medium,10,7032,2
22,Liking,Experience,44,0,High,24,5779,2
22,Liking,Experience,46,0,Low,7,2855,1
22,Liking,Experience,48,0,Low,6,1826,5
22,Liking,Experience,50,0,High,24,1914,1
22,Liking,Experience,52,0,Medium,9,2160,3
22,Liking,Experience,54,0,Low,6,1673,5
22,Liking,Experience,56,0,Medium,10,1228,4
22,Liking,Experience,58,0,High,22,2142,1
179,Value,Experience,40,0,Medium,14,3525,2
179,Value,Experience,42,0,Medium,21,4110,3
179,Value,Experience,44,0,Low,13,1994,1
179,Value,Experience,46,0,Medium,18,2232,3
179,Value,Experience,48,0,High,44,1740,4
179,Value,Experience,50,0,Low,11,4257,2
179,Value,Experience,52,0,High,48,1681,3
179,Value,Experience,54,0,Low,11,1639,1
179,Value,Experience,56,0,High,44,1896,4
127,Liking,Experience,34,0,Medium,35,4575,1
127,Liking,Experience,36,0,High,85,5000,1
127,Liking,Experience,38,0,Low,20,3211,2
127,Liking,Experience,40,0,High,83,2093,3
127,Liking,Experience,42,0,Low,20,2461,3
127,Liking,Experience,44,0,Low,19,2629,1
127,Liking,Experience,46,0,High,81,3093,4
127,Liking,Experience,48,0,Medium,33,3843,3
127,Liking,Experience,50,0,Medium,34,2470,4
177,Value,Experience,31,0,High,92,3274,1
177,Value,Experience,33,0,Low,22,1731,4
177,Value,Experience,35,0,Low,21,1741,2
177,Value,Experience,37,0,Medium,37,1632,3
177,Value,Experience,39,0,Medium,37,1466,5
177,Value,Experience,41,0,High,90,1432,4
177,Value,Experience,43,0,Low,21,1837,1
177,Value,Experience,45,0,Medium,37,1546,4
177,Value,Experience,47,0,High,91,1910,3
58,Value,Experience,43,0,High,47,3749,2
58,Value,Experience,45,0,Medium,19,3727,4
58,Value,Experience,47,0,Low,10,1728,1
58,Value,Experience,49,0,Medium,20,1302,1
58,Value,Experience,51,0,Low,11,2681,1
58,Value,Experience,53,0,Low,11,1932,2
58,Value,Experience,55,0,High,33,1601,1
58,Value,Experience,57,0,High,47,2221,5
58,Value,Experience,59,0,Medium,20,1739,5
9,Liking,Experience,34,0,High,89,7037,2
9,Liking,Experience,36,0,Medium,35,1596,2
9,Liking,Experience,38,0,Medium,37,1973,3
9,Liking,Experience,40,0,High,90,3978,1
9,Liking,Experience,42,0,Medium,37,1655,4
9,Liking,Experience,44,0,Low,21,2056,3
9,Liking,Experience,46,0,Low,21,1257,3
9,Liking,Experience,48,0,High,88,2331,1
9,Liking,Experience,50,0,Low,21,4154,3
96,Value,Experience,31,0,Low,22,5805,3
96,Value,Experience,33,0,Low,21,3123,4
96,Value,Experience,35,0,High,90,2747,5
96,Value,Experience,37,0,Low,22,2003,1
96,Value,Experience,39,0,High,85,1957,4
96,Value,Experience,41,0,Medium,35,2160,2
96,Value,Experience,43,0,High,87,2488,5
96,Value,Experience,45,0,Medium,33,1330,2
96,Value,Experience,47,0,Medium,33,1734,3
138,Value,Experience,43,0,High,55,2551,2
138,Value,Experience,45,0,Low,9,1728,4
138,Value,Experience,47,0,High,49,1501,2
138,Value,Experience,49,0,Medium,13,1332,3
138,Value,Experience,51,0,Low,17,1794,1
138,Value,Experience,53,0,Medium,24,1298,3
138,Value,Experience,55,0,High,53,2431,4
138,Value,Experience,57,0,Low,12,1288,5
138,Value,Experience,59,0,Medium,27,1380,3
123,Liking,Experience,43,0,High,52,8273,2
123,Liking,Experience,45,0,Medium,20,1967,4
123,Liking,Experience,47,0,Low,11,1378,4
123,Liking,Experience,49,0,High,48,1308,2
123,Liking,Experience,51,0,Medium,17,1944,5
123,Liking,Experience,53,0,Low,11,1590,5
123,Liking,Experience,55,0,Medium,18,1578,5
123,Liking,Experience,57,0,High,43,1606,3
123,Liking,Experience,59,0,Low,12,1622,5
81,Value,Experience,36,0,Low,19,6278,3
81,Value,Experience,38,0,Medium,26,1925,2
81,Value,Experience,40,0,Medium,30,2090,5
81,Value,Experience,42,0,High,72,2059,4
81,Value,Experience,44,0,Low,16,1839,3
81,Value,Experience,46,0,High,76,2136,5
81,Value,Experience,48,0,Low,19,1665,4
81,Value,Experience,50,0,Medium,29,1425,1
81,Value,Experience,52,0,High,75,1726,3
170,Value,No Experience,4,0,Low,5,3667,2
170,Value,No Experience,6,0,High,16,2566,3
170,Value,No Experience,8,0,Medium,9,3666,5
170,Value,No Experience,10,0,High,19,2196,4
170,Value,No Experience,12,0,High,19,1798,3
170,Value,No Experience,14,0,Medium,9,1113,5
170,Value,No Experience,16,0,Low,6,827,5
170,Value,No Experience,18,0,Low,6,2113,2
170,Value,No Experience,20,0,Medium,9,1147,1
54,Value,Experience,33,0,Medium,35,4011,3
54,Value,Experience,35,0,Low,18,2223,5
54,Value,Experience,37,0,Low,20,3688,5
54,Value,Experience,39,0,High,83,1979,1
54,Value,Experience,41,0,Medium,30,1953,3
54,Value,Experience,43,0,High,80,2488,2
54,Value,Experience,45,0,Low,20,1835,4
54,Value,Experience,47,0,High,80,2155,2
54,Value,Experience,49,0,Medium,32,1874,4
145,Value,No Experience,4,0,Low,22,3286,3
145,Value,No Experience,6,0,Medium,38,2445,1
145,Value,No Experience,8,0,Medium,38,1740,1
145,Value,No Experience,10,0,Medium,36,1812,2
145,Value,No Experience,12,0,High,91,1465,1
145,Value,No Experience,14,0,Low,20,1014,3
145,Value,No Experience,16,0,High,87,2073,1
145,Value,No Experience,18,0,Low,20,2210,2
145,Value,No Experience,20,0,High,90,1229,1
134,Liking,Experience,57,0,Medium,7,6535,4
134,Liking,Experience,59,0,High,16,2086,3
134,Liking,Experience,61,0,High,18,1847,4
134,Liking,Experience,63,0,High,18,1753,2
134,Liking,Experience,65,0,Medium,9,1756,5
134,Liking,Experience,67,0,Low,6,1516,3
134,Liking,Experience,69,0,Low,5,2055,5
134,Liking,Experience,71,0,Medium,8,1624,2
134,Liking,Experience,73,0,Low,7,1715,1
4,Value,No Experience,4,0,Low,22,7111,2
4,Value,No Experience,6,0,High,92,3127,1
4,Value,No Experience,8,0,High,90,3346,3
4,Value,No Experience,10,0,Medium,37,2384,4
4,Value,No Experience,12,0,Medium,37,1529,1
4,Value,No Experience,14,0,Low,21,1795,2
4,Value,No Experience,16,0,Low,20,1406,2
4,Value,No Experience,18,0,Medium,36,1384,1
4,Value,No Experience,20,0,High,88,1675,2
89,Liking,No Experience,4,0,Medium,37,4947,4
89,Liking,No Experience,6,0,Medium,34,2830,3
89,Liking,No Experience,8,0,Low,20,2230,4
89,Liking,No Experience,10,0,Low,19,2200,2
89,Liking,No Experience,12,0,Low,17,3782,4
89,Liking,No Experience,14,0,High,73,2577,4
89,Liking,No Experience,16,0,High,62,5706,2
89,Liking,No Experience,18,0,Medium,28,2388,3
89,Liking,No Experience,20,0,High,68,2448,3
60,Value,Experience,34,0,High,71,3613,2
60,Value,Experience,36,0,Medium,28,1656,4
60,Value,Experience,38,0,Low,18,2012,3
60,Value,Experience,40,0,Medium,31,1397,2
60,Value,Experience,42,0,Low,18,2365,1
60,Value,Experience,44,0,Medium,28,1957,4
60,Value,Experience,46,0,Low,16,1137,4
60,Value,Experience,48,0,High,70,1321,3
60,Value,Experience,50,0,High,66,1658,2
117,Liking,No Experience,4,0,Low,21,4156,3
117,Liking,No Experience,6,0,High,92,2027,4
117,Liking,No Experience,8,0,Medium,37,1567,3
117,Liking,No Experience,10,0,Medium,38,2644,4
117,Liking,No Experience,12,0,Low,21,2070,4
117,Liking,No Experience,14,0,Low,21,2325,3
117,Liking,No Experience,16,0,High,89,960,3
117,Liking,No Experience,18,0,Medium,36,963,3
117,Liking,No Experience,20,0,High,82,2253,3
115,Liking,Experience,43,0,High,56,4011,2
115,Liking,Experience,45,0,Low,13,2177,3
115,Liking,Experience,47,0,Medium,33,2533,3
115,Liking,Experience,49,0,Medium,19,953,4
115,Liking,Experience,51,0,Low,18,366,4
115,Liking,Experience,53,0,Low,17,424,4
115,Liking,Experience,55,0,High,54,1813,1
115,Liking,Experience,57,0,Medium,25,1455,3
115,Liking,Experience,59,0,High,55,2043,1
188,Liking,No Experience,4,0,Medium,31,3704,2
188,Liking,No Experience,6,0,High,79,1372,2
188,Liking,No Experience,8,0,Low,22,1057,4
188,Liking,No Experience,10,0,Medium,32,1564,3
188,Liking,No Experience,12,0,High,82,3138,1
188,Liking,No Experience,14,0,High,63,2920,2
188,Liking,No Experience,16,0,Low,20,1315,4
188,Liking,No Experience,18,0,Medium,32,1070,4
188,Liking,No Experience,20,0,Low,20,1417,5
41,Value,Experience,37,0,Low,14,9168,1
41,Value,Experience,39,0,High,54,1829,2
41,Value,Experience,41,0,Low,12,1438,3
41,Value,Experience,43,0,Medium,24,2688,4
41,Value,Experience,45,0,Medium,23,1683,5
41,Value,Experience,47,0,Medium,22,1868,2
41,Value,Experience,49,0,High,50,1986,3
41,Value,Experience,51,0,Low,11,1121,2
41,Value,Experience,53,0,High,51,2034,2
113,Liking,Experience,52,0,High,18,11488,4
113,Liking,Experience,54,0,Low,5,6566,1
113,Liking,Experience,56,0,Medium,7,4967,3
113,Liking,Experience,58,0,Low,6,3392,1
113,Liking,Experience,60,0,High,20,1612,1
113,Liking,Experience,62,0,High,20,2119,5
113,Liking,Experience,64,0,Medium,9,1740,3
113,Liking,Experience,66,0,Medium,9,1546,2
113,Liking,Experience,68,0,Low,7,1561,3
57,Value,No Experience,4,0,Low,21,5740,3
57,Value,No Experience,6,0,High,92,3545,4
57,Value,No Experience,8,0,High,93,2332,3
57,Value,No Experience,10,0,Medium,37,2161,2
57,Value,No Experience,12,0,Low,21,2083,2
57,Value,No Experience,14,0,High,92,1880,5
57,Value,No Experience,16,0,Low,21,1538,1
57,Value,No Experience,18,0,Medium,38,1496,2
57,Value,No Experience,20,0,Medium,37,958,2
142,Liking,Experience,36,0,Medium,26,4782,2
142,Liking,Experience,38,0,Medium,24,3733,3
142,Liking,Experience,40,0,Medium,24,2571,2
142,Liking,Experience,42,0,High,51,2290,3
142,Liking,Experience,44,0,High,35,2232,2
142,Liking,Experience,46,0,Low,12,4837,4
142,Liking,Experience,48,0,Low,12,1814,4
142,Liking,Experience,50,0,Low,12,3301,3
142,Liking,Experience,52,0,High,48,2698,2
21,Value,Experience,35,0,Medium,28,4838,2
21,Value,Experience,37,0,Low,15,5127,5
21,Value,Experience,39,0,High,59,2243,5
21,Value,Experience,41,0,Low,13,2177,3
21,Value,Experience,43,0,High,51,1594,5
21,Value,Experience,45,0,High,54,2026,4
21,Value,Experience,47,0,Medium,21,1880,3
21,Value,Experience,49,0,Low,14,1579,2
21,Value,Experience,51,0,Medium,21,2680,3
13,Liking,No Experience,4,0,Medium,36,6174,2
13,Liking,No Experience,6,0,High,88,7752,2
13,Liking,No Experience,8,0,Medium,34,7210,4
13,Liking,No Experience,10,0,High,86,1352,3
13,Liking,No Experience,12,0,Low,23,958,4
13,Liking,No Experience,14,0,Medium,34,519,2
13,Liking,No Experience,16,0,High,84,1761,4
13,Liking,No Experience,18,0,Low,19,704,3
13,Liking,No Experience,20,0,Low,22,6781,3
110,Liking,Experience,40,0,Low,14,3330,3
110,Liking,Experience,42,0,Medium,22,2237,1
110,Liking,Experience,44,0,High,52,4436,3
110,Liking,Experience,46,0,Medium,22,1585,3
110,Liking,Experience,48,0,Low,12,1379,3
110,Liking,Experience,50,0,High,51,1494,3
110,Liking,Experience,52,0,Low,13,1198,4
110,Liking,Experience,54,0,High,51,2382,2
110,Liking,Experience,56,0,Medium,20,1846,4
84,Value,Experience,33,0,Medium,37,5761,2
84,Value,Experience,35,0,High,90,2147,1
84,Value,Experience,37,0,High,89,1775,4
84,Value,Experience,39,0,Low,20,2057,3
84,Value,Experience,41,0,Low,22,1575,2
84,Value,Experience,43,0,High,90,2123,5
84,Value,Experience,45,0,Medium,37,1406,3
84,Value,Experience,47,0,Medium,39,1743,5
84,Value,Experience,49,0,Low,21,1656,1
152,Value,No Experience,4,0,Medium,39,4374,2
152,Value,No Experience,6,0,High,93,3427,2
152,Value,No Experience,8,0,Medium,39,1700,2
152,Value,No Experience,10,0,High,92,1732,3
152,Value,No Experience,12,0,Medium,37,1956,4
152,Value,No Experience,14,0,Low,21,2222,1
152,Value,No Experience,16,0,Low,23,1459,3
152,Value,No Experience,18,0,Low,22,1402,1
152,Value,No Experience,20,0,High,87,1288,5
28,Liking,No Experience,4,0,Low,26,19081,3
28,Liking,No Experience,6,0,Medium,35,3246,2
28,Liking,No Experience,8,0,Medium,33,1730,1
28,Liking,No Experience,10,0,Low,20,2831,4
28,Liking,No Experience,12,0,High,88,1609,3
28,Liking,No Experience,14,0,High,84,1567,4
28,Liking,No Experience,16,0,Low,16,1342,3
28,Liking,No Experience,18,0,Medium,33,1360,4
28,Liking,No Experience,20,0,High,75,2517,3
46,Value,No Experience,4,0,Medium,39,5654,2
46,Value,No Experience,6,0,Medium,38,1511,1
46,Value,No Experience,8,0,Medium,38,3224,2
46,Value,No Experience,10,0,Low,21,2159,3
46,Value,No Experience,12,0,High,92,1988,4
46,Value,No Experience,14,0,High,93,1126,1
46,Value,No Experience,16,0,Low,21,2526,3
46,Value,No Experience,18,0,High,92,1390,4
46,Value,No Experience,20,0,Low,21,1056,1
129,Value,Experience,35,0,Low,7,2737,1
129,Value,Experience,37,0,High,37,1573,3
129,Value,Experience,39,0,Medium,17,1249,2
129,Value,Experience,41,0,Medium,14,2068,5
129,Value,Experience,43,0,High,34,1412,2
129,Value,Experience,45,0,High,35,1380,5
129,Value,Experience,47,0,Low,9,1292,1
129,Value,Experience,49,0,Medium,16,1520,1
129,Value,Experience,51,0,Low,9,1148,2
155,Value,No Experience,4,0,High,93,5480,1
155,Value,No Experience,6,0,Medium,39,3522,1
155,Value,No Experience,8,0,Low,22,3048,1
155,Value,No Experience,10,0,High,93,2156,3
155,Value,No Experience,12,0,Low,22,1497,1
155,Value,No Experience,14,0,Medium,37,1929,3
155,Value,No Experience,16,0,High,90,1722,4
155,Value,No Experience,18,0,Medium,38,1738,2
155,Value,No Experience,20,0,Low,21,2113,1
185,Liking,No Experience,4,0,Medium,33,7065,4
185,Liking,No Experience,6,0,Low,19,2221,3
185,Liking,No Experience,8,0,High,78,1913,5
185,Liking,No Experience,10,0,Low,17,1234,5
185,Liking,No Experience,12,0,Low,18,1433,2
185,Liking,No Experience,14,0,Medium,32,889,2
185,Liking,No Experience,16,0,High,77,1494,4
185,Liking,No Experience,18,0,Medium,32,1237,5
185,Liking,No Experience,20,0,High,77,2051,1
12,Value,Experience,27,0,Low,20,6104,4
12,Value,Experience,29,0,High,87,2536,2
12,Value,Experience,31,0,High,90,2589,1
12,Value,Experience,33,0,Low,20,1105,5
12,Value,Experience,35,0,Medium,34,1129,3
12,Value,Experience,37,0,Medium,34,2319,2
12,Value,Experience,39,0,High,88,3152,2
12,Value,Experience,41,0,Medium,33,2188,4
12,Value,Experience,43,0,Low,19,1258,2
95,Value,Experience,31,0,Low,13,2940,1
95,Value,Experience,33,0,Medium,23,2949,3
95,Value,Experience,35,0,High,52,1941,5
95,Value,Experience,37,0,High,53,1650,5
95,Value,Experience,39,0,High,52,1574,5
95,Value,Experience,41,0,Medium,18,2023,3
95,Value,Experience,43,0,Low,12,2035,2
95,Value,Experience,45,0,Medium,20,1873,3
95,Value,Experience,47,0,Low,13,2041,1
8,Liking,Experience,37,0,Low,17,3848,1
8,Liking,Experience,39,0,Medium,33,2027,4
8,Liking,Experience,41,0,Medium,27,2046,3
8,Liking,Experience,43,0,High,79,2267,2
8,Liking,Experience,45,0,Medium,32,2170,2
8,Liking,Experience,47,0,High,65,2051,5
8,Liking,Experience,49,0,Low,16,1863,2
8,Liking,Experience,51,0,High,70,1909,1
8,Liking,Experience,53,0,Low,15,2447,5
136,Liking,Experience,42,0,High,25,5903,5
136,Liking,Experience,44,0,Low,8,2959,4
136,Liking,Experience,46,0,Medium,12,3547,4
136,Liking,Experience,48,0,High,27,2668,2
136,Liking,Experience,50,0,Medium,14,3913,1
136,Liking,Experience,52,0,Low,7,2805,5
136,Liking,Experience,54,0,Low,7,7852,4
136,Liking,Experience,56,0,High,27,3087,3
136,Liking,Experience,58,0,Medium,11,2156,2
36,Liking,Experience,31,0,Medium,32,2511,4
36,Liking,Experience,33,0,Low,19,1680,3
36,Liking,Experience,35,0,High,81,2254,3
36,Liking,Experience,37,0,Low,19,1917,4
36,Liking,Experience,39,0,Medium,33,1880,2
36,Liking,Experience,41,0,High,80,2236,5
36,Liking,Experience,43,0,High,78,3618,3
36,Liking,Experience,45,0,Low,19,1762,4
36,Liking,Experience,47,0,Medium,39,2340,5
53,Liking,No Experience,4,0,High,92,3220,2
53,Liking,No Experience,6,0,Medium,36,3327,3
53,Liking,No Experience,8,0,High,87,2216,2
53,Liking,No Experience,10,0,Medium,34,2118,4
53,Liking,No Experience,12,0,Low,19,2189,4
53,Liking,No Experience,14,0,Low,17,1663,4
53,Liking,No Experience,16,0,Low,18,1163,2
53,Liking,No Experience,18,0,Medium,32,1322,3
53,Liking,No Experience,20,0,High,75,2522,2
88,Value,No Experience,4,0,High,21,8863,3
88,Value,No Experience,6,0,Low,7,3288,1
88,Value,No Experience,8,0,Medium,10,2660,4
88,Value,No Experience,10,0,High,22,2306,5
88,Value,No Experience,12,0,High,23,2227,5
88,Value,No Experience,14,0,Low,7,2440,2
88,Value,No Experience,16,0,Medium,10,2506,3
88,Value,No Experience,18,0,Low,6,2826,1
88,Value,No Experience,20,0,Medium,9,2190,2
147,Value,No Experience,4,0,Medium,11,5234,1
147,Value,No Experience,6,0,High,37,2204,2
147,Value,No Experience,8,0,Low,20,1674,1
147,Value,No Experience,10,0,High,33,1758,3
147,Value,No Experience,12,0,High,60,3149,5
147,Value,No Experience,14,0,Medium,31,980,2
147,Value,No Experience,16,0,Low,11,1894,3
147,Value,No Experience,18,0,Low,7,1410,1
147,Value,No Experience,20,0,Medium,37,1291,2
74,Liking,Experience,33,0,Low,13,3708,3
74,Liking,Experience,35,0,Medium,28,5019,1
74,Liking,Experience,37,0,High,52,4294,2
74,Liking,Experience,39,0,High,64,2115,3
74,Liking,Experience,41,0,Low,10,2481,2
74,Liking,Experience,43,0,Medium,24,2559,4
74,Liking,Experience,45,0,Medium,26,5536,3
74,Liking,Experience,47,0,Low,14,4253,2
74,Liking,Experience,49,0,High,52,2480,2
159,Liking,No Experience,4,0,Medium,38,6604,3
159,Liking,No Experience,6,0,Medium,39,5643,4
159,Liking,No Experience,8,0,Low,23,1885,2
159,Liking,No Experience,10,0,Low,22,2207,4
159,Liking,No Experience,12,0,Medium,37,1640,5
159,Liking,No Experience,14,0,High,90,2199,3
159,Liking,No Experience,16,0,Low,21,2339,4
159,Liking,No Experience,18,0,High,88,3847,3
159,Liking,No Experience,20,0,High,83,2852,5
128,Liking,Experience,40,0,Medium,20,6362,1
128,Liking,Experience,42,0,Medium,25,3837,1
128,Liking,Experience,44,0,Low,13,2966,2
128,Liking,Experience,46,0,Low,15,2714,3
128,Liking,Experience,48,0,High,52,1833,3
128,Liking,Experience,50,0,Medium,24,2498,2
128,Liking,Experience,52,0,High,50,1358,1
128,Liking,Experience,54,0,Low,11,1313,1
128,Liking,Experience,56,0,High,48,1212,5
5,Liking,No Experience,4,0,Low,22,4821,4
5,Liking,No Experience,6,0,High,64,2112,3
5,Liking,No Experience,8,0,High,71,2765,4
5,Liking,No Experience,10,0,Low,20,2154,5
5,Liking,No Experience,12,0,Medium,26,2606,4
5,Liking,No Experience,14,0,Low,20,1506,4
5,Liking,No Experience,16,0,Medium,23,2026,3
5,Liking,No Experience,18,0,High,66,2960,3
5,Liking,No Experience,20,0,Medium,33,2330,3
191,Value,No Experience,4,0,Low,21,6036,1
191,Value,No Experience,6,0,Low,22,2618,1
191,Value,No Experience,8,0,Low,22,1659,1
191,Value,No Experience,10,0,High,92,2335,1
191,Value,No Experience,12,0,Medium,37,2062,2
191,Value,No Experience,14,0,High,91,1760,1
191,Value,No Experience,16,0,High,88,2133,1
191,Value,No Experience,18,0,Medium,35,2563,2
191,Value,No Experience,20,0,Medium,35,1676,1
66,Value,Experience,30,0,Medium,26,1675,2
66,Value,Experience,32,0,High,62,1422,4
66,Value,Experience,34,0,High,62,974,3
66,Value,Experience,36,0,Low,15,558,3
66,Value,Experience,38,0,Low,15,791,5
66,Value,Experience,40,0,High,58,663,2
66,Value,Experience,42,0,Low,15,624,2
66,Value,Experience,44,0,Medium,16,660,3
66,Value,Experience,46,0,Medium,25,831,4
7,Liking,No Experience,4,0,Low,22,6853,3
7,Liking,No Experience,6,0,Low,20,4633,2
7,Liking,No Experience,8,0,Low,21,3762,2
7,Liking,No Experience,10,0,High,86,2136,4
7,Liking,No Experience,12,0,Medium,16,3868,3
7,Liking,No Experience,14,0,Medium,19,3432,5
7,Liking,No Experience,16,0,High,90,2480,5
7,Liking,No Experience,18,0,Medium,29,2158,4
7,Liking,No Experience,20,0,High,35,2682,3
167,Liking,No Experience,4,0,High,94,7765,4
167,Liking,No Experience,6,0,High,91,2412,3
167,Liking,No Experience,8,0,Low,21,1713,5
167,Liking,No Experience,10,0,Medium,37,2893,3
167,Liking,No Experience,12,0,High,93,2326,3
167,Liking,No Experience,14,0,Low,21,1311,4
167,Liking,No Experience,16,0,Low,21,1544,4
167,Liking,No Experience,18,0,Medium,37,2695,4
167,Liking,No Experience,20,0,Medium,37,1526,3
25,Liking,Experience,48,0,Medium,15,6505,4
25,Liking,Experience,50,0,Medium,14,2289,3
25,Liking,Experience,52,0,High,30,2264,3
25,Liking,Experience,54,0,Medium,14,2089,4
25,Liking,Experience,56,0,Low,9,1164,4
25,Liking,Experience,58,0,Low,9,2256,5
25,Liking,Experience,60,0,High,29,1126,2
25,Liking,Experience,62,0,Low,7,4396,5
25,Liking,Experience,64,0,High,27,1778,2
180,Liking,No Experience,4,0,Medium,32,7766,4
180,Liking,No Experience,6,0,High,56,5031,2
180,Liking,No Experience,8,0,Medium,19,2623,4
180,Liking,No Experience,10,0,Low,14,4586,5
180,Liking,No Experience,12,0,Low,14,2213,4
180,Liking,No Experience,14,0,Low,13,2356,4
180,Liking,No Experience,16,0,Medium,21,2500,4
180,Liking,No Experience,18,0,High,67,2611,2
180,Liking,No Experience,20,0,High,51,2646,3
124,Liking,No Experience,4,0,Low,22,2898,4
124,Liking,No Experience,6,0,High,92,2877,3
124,Liking,No Experience,8,0,Medium,35,2514,3
124,Liking,No Experience,10,0,Medium,36,1006,4
124,Liking,No Experience,12,0,Medium,36,2131,4
124,Liking,No Experience,14,0,High,85,1975,3
124,Liking,No Experience,16,0,Low,19,1359,4
124,Liking,No Experience,18,0,Low,18,2098,5
124,Liking,No Experience,20,0,High,81,1808,4
164,Value,No Experience,4,0,Medium,38,6137,2
164,Value,No Experience,6,0,High,83,2754,4
164,Value,No Experience,8,0,High,68,2063,3
164,Value,No Experience,10,0,Medium,30,1524,1
164,Value,No Experience,12,0,High,67,2637,3
164,Value,No Experience,14,0,Low,13,1479,1
164,Value,No Experience,16,0,Low,14,849,1
164,Value,No Experience,18,0,Low,13,884,1
164,Value,No Experience,20,0,Medium,23,1862,2
37,Value,No Experience,4,0,Low,20,5819,3
37,Value,No Experience,6,0,High,91,5306,4
37,Value,No Experience,8,0,Medium,36,2706,3
37,Value,No Experience,10,0,Medium,36,3103,3
37,Value,No Experience,12,0,High,82,2761,3
37,Value,No Experience,14,0,Low,18,6159,3
37,Value,No Experience,16,0,Low,20,1446,3
37,Value,No Experience,18,0,High,84,1960,4
37,Value,No Experience,20,0,Medium,33,2583,2
146,Value,Experience,31,0,Medium,38,4166,2
146,Value,Experience,33,0,Medium,38,815,3
146,Value,Experience,35,0,Low,20,796,3
146,Value,Experience,37,0,Medium,37,917,4
146,Value,Experience,39,0,High,91,1237,2
146,Value,Experience,41,0,Low,21,991,3
146,Value,Experience,43,0,High,92,1692,1
146,Value,Experience,45,0,High,91,1474,5
146,Value,Experience,47,0,Low,20,974,2
175,Liking,No Experience,4,0,Medium,34,3164,1
175,Liking,No Experience,6,0,Low,22,2414,3
175,Liking,No Experience,8,0,Low,22,1647,1
175,Liking,No Experience,10,0,Medium,39,1745,4
175,Liking,No Experience,12,0,Medium,39,1548,3
175,Liking,No Experience,14,0,Low,22,1129,2
175,Liking,No Experience,16,0,High,92,2213,2
175,Liking,No Experience,18,0,High,87,3728,2
175,Liking,No Experience,20,0,High,91,1680,2
120,Liking,No Experience,4,0,High,93,8361,3
120,Liking,No Experience,6,0,Medium,38,6479,2
120,Liking,No Experience,8,0,High,91,5866,4
120,Liking,No Experience,10,0,High,91,3013,2
120,Liking,No Experience,12,0,Medium,38,4328,4
120,Liking,No Experience,14,0,Low,21,3146,2
120,Liking,No Experience,16,0,Medium,36,2564,3
120,Liking,No Experience,18,0,Low,21,2367,3
120,Liking,No Experience,20,0,Low,20,5360,3
160,Liking,Experience,41,0,Low,18,7077,5
160,Liking,Experience,43,0,Medium,34,2366,4
160,Liking,Experience,45,0,High,82,2172,1
160,Liking,Experience,47,0,Medium,32,2464,5
160,Liking,Experience,49,0,Medium,31,3236,5
160,Liking,Experience,51,0,Low,18,3249,5
160,Liking,Experience,53,0,High,77,2093,2
160,Liking,Experience,55,0,High,80,3278,1
160,Liking,Experience,57,0,Low,17,2520,5
55,Value,No Experience,4,0,High,91,4656,1
55,Value,No Experience,6,0,Low,20,4724,3
55,Value,No Experience,8,0,Medium,35,3741,3
55,Value,No Experience,10,0,Low,15,1489,4
55,Value,No Experience,12,0,Medium,28,2484,4
55,Value,No Experience,14,0,High,51,18903,3
55,Value,No Experience,16,0,Low,9,7176,3
55,Value,No Experience,18,0,Medium,16,2075,3
55,Value,No Experience,20,0,High,37,4539,4
80,Value,Experience,20,0,High,81,8007,2
80,Value,Experience,22,0,Medium,35,2359,4
80,Value,Experience,24,0,High,84,2343,5
80,Value,Experience,26,0,High,82,2091,3
80,Value,Experience,28,0,Low,19,2306,5
80,Value,Experience,30,0,Medium,33,2030,4
80,Value,Experience,32,0,Medium,33,1825,4
80,Value,Experience,34,0,Low,20,4047,1
80,Value,Experience,36,0,Low,18,2119,5
45,Liking,No Experience,4,0,Medium,31,3542,4
45,Liking,No Experience,6,0,Medium,28,3286,3
45,Liking,No Experience,8,0,Medium,17,1543,3
45,Liking,No Experience,10,0,Low,18,1477,4
45,Liking,No Experience,12,0,Low,17,1378,4
45,Liking,No Experience,14,0,High,55,2025,5
45,Liking,No Experience,16,0,Low,16,1477,4
45,Liking,No Experience,18,0,High,56,3050,2
45,Liking,No Experience,20,0,High,59,2011,2
125,Value,Experience,24,0,Low,21,6131,3
125,Value,Experience,26,0,Low,19,8981,4
125,Value,Experience,28,0,High,68,2090,4
125,Value,Experience,30,0,High,69,1869,4
125,Value,Experience,32,0,Medium,28,1865,4
125,Value,Experience,34,0,Medium,27,1511,4
125,Value,Experience,36,0,Medium,31,1571,4
125,Value,Experience,38,0,Low,17,1546,4
125,Value,Experience,40,0,High,68,1397,4
51,Value,No Experience,4,0,Medium,36,8182,2
51,Value,No Experience,6,0,Low,22,1948,1
51,Value,No Experience,8,0,Medium,36,3758,4
51,Value,No Experience,10,0,Low,21,3126,3
51,Value,No Experience,12,0,Low,22,1935,5
51,Value,No Experience,14,0,High,90,6033,5
51,Value,No Experience,16,0,High,89,1853,5
51,Value,No Experience,18,0,High,90,1209,5
51,Value,No Experience,20,0,Medium,37,2071,3
30,Liking,No Experience,4,0,Medium,39,7633,2
30,Liking,No Experience,6,0,High,91,3893,4
30,Liking,No Experience,8,0,Medium,32,1159,5
30,Liking,No Experience,10,0,High,78,1821,4
30,Liking,No Experience,12,0,Low,19,2222,2
30,Liking,No Experience,14,0,High,75,2451,3
30,Liking,No Experience,16,0,Low,17,1798,5
30,Liking,No Experience,18,0,Medium,29,2252,3
30,Liking,No Experience,20,0,Low,15,1417,3
116,Value,Experience,36,0,High,90,3319,5
116,Value,Experience,38,0,Low,21,2748,2
116,Value,Experience,40,0,Medium,36,1791,1
116,Value,Experience,42,0,Medium,36,2006,3
116,Value,Experience,44,0,High,91,1807,4
116,Value,Experience,46,0,High,91,1967,4
116,Value,Experience,48,0,Low,20,2184,2
116,Value,Experience,50,0,Medium,36,1428,3
116,Value,Experience,52,0,Low,20,1717,1
181,Value,Experience,41,0,Low,11,2889,1
181,Value,Experience,43,0,Low,11,2142,2
181,Value,Experience,45,0,High,36,2623,3
181,Value,Experience,47,0,Medium,14,1619,3
181,Value,Experience,49,0,High,39,1941,2
181,Value,Experience,51,0,Low,12,1385,2
181,Value,Experience,53,0,Medium,14,1550,3
181,Value,Experience,55,0,Medium,15,1381,3
181,Value,Experience,57,0,High,31,1443,1
114,Value,No Experience,4,0,Medium,38,3575,2
114,Value,No Experience,6,0,High,92,2012,5
114,Value,No Experience,8,0,Low,21,1603,1
114,Value,No Experience,10,0,High,92,1997,4
114,Value,No Experience,12,0,Low,21,1658,3
114,Value,No Experience,14,0,Medium,38,1870,3
114,Value,No Experience,16,0,Medium,38,2614,4
114,Value,No Experience,18,0,High,90,1283,5
114,Value,No Experience,20,0,Low,21,1445,1
90,Liking,No Experience,4,0,High,83,3890,1
90,Liking,No Experience,6,0,High,86,2072,2
90,Liking,No Experience,8,0,Low,22,1958,1
90,Liking,No Experience,10,0,Medium,37,1898,3
90,Liking,No Experience,12,0,Medium,36,1938,2
90,Liking,No Experience,14,0,Low,19,1863,1
90,Liking,No Experience,16,0,High,85,1427,1
90,Liking,No Experience,18,0,Low,20,1898,4
90,Liking,No Experience,20,0,Medium,36,1780,1
83,Liking,No Experience,4,0,High,51,9355,3
83,Liking,No Experience,6,0,Medium,21,3518,4
83,Liking,No Experience,8,0,Low,14,3535,4
83,Liking,No Experience,10,0,Low,13,2296,4
83,Liking,No Experience,12,0,High,57,2533,2
83,Liking,No Experience,14,0,High,56,2184,2
83,Liking,No Experience,16,0,Low,13,3422,5
83,Liking,No Experience,18,0,Medium,23,2436,4
83,Liking,No Experience,20,0,Medium,24,2465,3
183,Value,Experience,44,0,Low,11,3470,3
183,Value,Experience,46,0,High,46,1742,4
183,Value,Experience,48,0,High,45,2368,5
183,Value,Experience,50,0,High,46,2043,2
183,Value,Experience,52,0,Low,11,1842,1
183,Value,Experience,54,0,Medium,19,1875,3
183,Value,Experience,56,0,Medium,18,1413,1
183,Value,Experience,58,0,Low,11,874,1
183,Value,Experience,60,0,Medium,18,1280,3
79,Liking,Experience,40,0,Medium,26,2147,2
79,Liking,Experience,42,0,Low,12,1292,5
79,Liking,Experience,44,0,Low,13,1613,4
79,Liking,Experience,46,0,High,56,1903,2
79,Liking,Experience,48,0,Medium,23,1601,3
79,Liking,Experience,50,0,Medium,23,1851,3
79,Liking,Experience,52,0,High,52,1302,1
79,Liking,Experience,54,0,High,52,1803,1
79,Liking,Experience,56,0,Low,13,2181,5
16,Value,No Experience,4,0,Low,12,8521,1
16,Value,No Experience,6,0,High,54,2723,2
16,Value,No Experience,8,0,Medium,22,6812,2
16,Value,No Experience,10,0,Medium,22,9106,4
16,Value,No Experience,12,0,Low,12,3039,1
16,Value,No Experience,14,0,High,53,1962,4
16,Value,No Experience,16,0,Low,12,1833,2
16,Value,No Experience,18,0,High,51,1726,3
16,Value,No Experience,20,0,Medium,21,1687,1
3,Value,No Experience,4,0,Medium,39,5248,2
3,Value,No Experience,6,0,Medium,39,2445,2
3,Value,No Experience,8,0,High,91,2424,4
3,Value,No Experience,10,0,Medium,36,2187,1
3,Value,No Experience,12,0,High,86,1957,2
3,Value,No Experience,14,0,High,85,2239,4
3,Value,No Experience,16,0,Low,18,81,4
3,Value,No Experience,18,0,Low,15,1627,2
3,Value,No Experience,20,0,Low,19,1611,3
70,Liking,No Experience,4,0,Medium,32,3098,2
70,Liking,No Experience,6,0,Medium,28,1987,3
70,Liking,No Experience,8,0,Medium,26,4387,2
70,Liking,No Experience,10,0,High,55,4337,4
70,Liking,No Experience,12,0,High,47,3505,2
70,Liking,No Experience,14,0,Low,11,1543,2
70,Liking,No Experience,16,0,Low,12,2173,1
70,Liking,No Experience,18,0,High,32,3151,4
70,Liking,No Experience,20,0,Low,8,2625,3
6,Liking,No Experience,4,0,Medium,33,2597,4
6,Liking,No Experience,6,0,Low,23,2180,3
6,Liking,No Experience,8,0,High,82,1525,4
6,Liking,No Experience,10,0,Low,19,2763,4
6,Liking,No Experience,12,0,Medium,32,2196,3
6,Liking,No Experience,14,0,High,82,2400,4
6,Liking,No Experience,16,0,Low,24,1642,2
6,Liking,No Experience,18,0,High,85,1226,3
6,Liking,No Experience,20,0,Medium,24,829,4
99,Value,No Experience,4,0,Medium,38,3269,1
99,Value,No Experience,6,0,Medium,39,1787,1
99,Value,No Experience,8,0,Low,22,1505,1
99,Value,No Experience,10,0,High,91,1677,1
99,Value,No Experience,12,0,Medium,38,3459,2
99,Value,No Experience,14,0,High,91,2096,1
99,Value,No Experience,16,0,Low,22,1378,5
99,Value,No Experience,18,0,High,89,1804,1
99,Value,No Experience,20,0,Low,20,1285,5
86,Liking,No Experience,4,0,High,93,3642,2
86,Liking,No Experience,6,0,Medium,38,1738,3
86,Liking,No Experience,8,0,Medium,37,3378,3
86,Liking,No Experience,10,0,Low,21,1482,4
86,Liking,No Experience,12,0,Medium,37,2065,5
86,Liking,No Experience,14,0,Low,21,2060,1
86,Liking,No Experience,16,0,Low,21,2743,3
86,Liking,No Experience,18,0,High,91,2668,4
86,Liking,No Experience,20,0,High,91,4027,4
190,Value,No Experience,4,0,Low,23,3736,1
190,Value,No Experience,6,0,Medium,39,1108,3
190,Value,No Experience,8,0,Low,21,1788,1
190,Value,No Experience,10,0,High,93,2193,4
190,Value,No Experience,12,0,Medium,39,1657,3
190,Value,No Experience,14,0,Low,22,1346,1
190,Value,No Experience,16,0,High,92,1917,5
190,Value,No Experience,18,0,Medium,36,2129,3
190,Value,No Experience,20,0,High,91,1734,4
77,Liking,Experience,34,0,Medium,36,2876,3
77,Liking,Experience,36,0,High,90,3130,1
77,Liking,Experience,38,0,Low,20,1793,4
77,Liking,Experience,40,0,High,91,2428,1
77,Liking,Experience,42,0,Medium,36,3326,4
77,Liking,Experience,44,0,Low,20,1285,5
77,Liking,Experience,46,0,Medium,37,2192,3
77,Liking,Experience,48,0,High,90,5374,2
77,Liking,Experience,50,0,Low,21,2039,5
158,Liking,No Experience,4,0,Medium,38,3592,3
158,Liking,No Experience,6,0,High,85,6284,5
158,Liking,No Experience,8,0,Medium,33,1935,5
158,Liking,No Experience,10,0,Low,21,3358,4
158,Liking,No Experience,12,0,Low,22,3152,5
158,Liking,No Experience,14,0,Medium,33,1440,4
158,Liking,No Experience,16,0,High,76,1482,1
158,Liking,No Experience,18,0,Low,17,2497,5
158,Liking,No Experience,20,0,High,74,1654,5
76,Value,Experience,31,0,Medium,28,5167,2
76,Value,Experience,33,0,Low,16,2433,1
76,Value,Experience,35,0,High,62,3752,3
76,Value,Experience,37,0,High,69,2026,5
76,Value,Experience,39,0,Medium,23,2076,3
76,Value,Experience,41,0,Low,17,2429,2
76,Value,Experience,43,0,High,69,1725,5
76,Value,Experience,45,0,Low,15,1871,1
76,Value,Experience,47,0,Medium,23,3102,4
94,Value,Experience,37,0,Medium,19,4215,2
94,Value,Experience,39,0,Low,12,1674,1
94,Value,Experience,41,0,High,69,1499,4
94,Value,Experience,43,0,Medium,23,1806,3
94,Value,Experience,45,0,High,52,1669,5
94,Value,Experience,47,0,Low,11,1485,1
94,Value,Experience,49,0,Medium,19,893,1
94,Value,Experience,51,0,High,42,1309,4
94,Value,Experience,53,0,Low,13,1266,2
149,Liking,Experience,34,0,Medium,20,4569,3
149,Liking,Experience,36,0,High,44,4947,3
149,Liking,Experience,38,0,Low,13,1511,4
149,Liking,Experience,40,0,Low,11,1133,5
149,Liking,Experience,42,0,High,41,1563,4
149,Liking,Experience,44,0,Low,10,1131,2
149,Liking,Experience,46,0,High,37,1201,4
149,Liking,Experience,48,0,Medium,16,1104,5
149,Liking,Experience,50,0,Medium,16,1191,3
20,Value,Experience,36,0,High,86,3119,2
20,Value,Experience,38,0,Medium,36,1797,3
20,Value,Experience,40,0,High,85,2715,5
20,Value,Experience,42,0,High,89,2234,4
20,Value,Experience,44,0,Medium,36,1882,1
20,Value,Experience,46,0,Low,21,1623,3
20,Value,Experience,48,0,Medium,35,1535,5
20,Value,Experience,50,0,Low,20,2607,3
20,Value,Experience,52,0,Low,19,1388,3
131,Liking,Experience,7,0,High,92,8280,2
131,Liking,Experience,9,0,Low,21,3523,3
131,Liking,Experience,11,0,High,93,1739,4
131,Liking,Experience,13,0,Medium,38,2059,5
131,Liking,Experience,15,0,Low,21,1009,3
131,Liking,Experience,17,0,High,92,1448,2
131,Liking,Experience,19,0,Medium,39,1239,1
131,Liking,Experience,21,0,Medium,39,2153,3
131,Liking,Experience,23,0,Low,22,1430,3
157,Liking,Experience,27,0,High,90,10454,4
157,Liking,Experience,29,0,High,91,2299,5
157,Liking,Experience,31,0,Medium,37,2892,2
157,Liking,Experience,33,0,Medium,37,3516,4
157,Liking,Experience,35,0,Low,21,2078,5
157,Liking,Experience,37,0,Low,21,3329,5
157,Liking,Experience,39,0,High,78,2475,5
157,Liking,Experience,41,0,Low,21,1878,5
157,Liking,Experience,43,0,Medium,37,1771,5
150,Value,Experience,33,0,High,45,3972,2
150,Value,Experience,35,0,High,47,1728,3
150,Value,Experience,37,0,Low,13,1330,2
150,Value,Experience,39,0,Medium,18,1463,3
150,Value,Experience,41,0,Low,14,1146,2
150,Value,Experience,43,0,Medium,19,1509,2
150,Value,Experience,45,0,Low,9,1383,3
150,Value,Experience,47,0,Medium,16,19774,3
150,Value,Experience,49,0,High,43,1521,3
107,Value,No Experience,4,0,Medium,38,3225,4
107,Value,No Experience,6,0,Medium,39,1164,5
107,Value,No Experience,8,0,Low,22,1277,2
107,Value,No Experience,10,0,Low,22,1452,3
107,Value,No Experience,12,0,High,93,1413,5
107,Value,No Experience,14,0,Medium,38,1556,2
107,Value,No Experience,16,0,High,91,4921,5
107,Value,No Experience,18,0,High,92,1385,5
107,Value,No Experience,20,0,Low,21,1285,1
130,Value,Experience,30,0,Low,16,1690,2
130,Value,Experience,32,0,Medium,31,1738,3
130,Value,Experience,34,0,High,76,1948,2
130,Value,Experience,36,0,Low,18,1319,1
130,Value,Experience,38,0,Medium,33,1631,3
130,Value,Experience,40,0,High,71,1593,3
130,Value,Experience,42,0,High,76,1638,3
130,Value,Experience,44,0,Medium,32,1928,2
130,Value,Experience,46,0,Low,16,1671,5
91,Liking,Experience,31,0,High,66,5104,3
91,Liking,Experience,33,0,Medium,33,1909,4
91,Liking,Experience,35,0,High,81,1843,4
91,Liking,Experience,37,0,Low,21,1913,3
91,Liking,Experience,39,0,Low,21,3596,2
91,Liking,Experience,41,0,Medium,32,2985,3
91,Liking,Experience,43,0,Medium,34,1604,4
91,Liking,Experience,45,0,Low,20,1472,4
91,Liking,Experience,47,0,High,85,2364,4
109,Value,Experience,31,0,Medium,33,2268,2
109,Value,Experience,33,0,Medium,34,2275,3
109,Value,Experience,35,0,High,78,1796,5
109,Value,Experience,37,0,Low,19,1641,3
109,Value,Experience,39,0,Low,14,2490,4
109,Value,Experience,41,0,High,69,1756,1
109,Value,Experience,43,0,High,71,1760,1
109,Value,Experience,45,0,Medium,30,1115,4
109,Value,Experience,47,0,Low,18,1344,2
14,Liking,Experience,48,0,Low,21,8787,2
14,Liking,Experience,50,0,High,89,1979,3
14,Liking,Experience,52,0,High,86,2224,3
14,Liking,Experience,54,0,Medium,34,2102,2
14,Liking,Experience,56,0,High,77,2242,2
14,Liking,Experience,58,0,Medium,31,1724,2
14,Liking,Experience,60,0,Low,18,1470,2
14,Liking,Experience,62,0,Low,18,1775,3
14,Liking,Experience,64,0,Medium,32,1557,2
44,Liking,Experience,24,0,Medium,39,1815,4
44,Liking,Experience,26,0,Medium,37,1585,3
44,Liking,Experience,28,0,Low,18,1350,5
44,Liking,Experience,30,0,Low,41,1742,2
44,Liking,Experience,32,0,Low,33,1723,3
44,Liking,Experience,34,0,High,88,1507,2
44,Liking,Experience,36,0,High,117,1713,1
44,Liking,Experience,38,0,High,86,1701,1
44,Liking,Experience,40,0,Medium,33,2592,3
98,Liking,Experience,20,0,Medium,33,7563,1
98,Liking,Experience,22,0,Low,18,4812,1
98,Liking,Experience,24,0,Low,18,5586,1
98,Liking,Experience,26,0,Medium,32,4603,2
98,Liking,Experience,28,0,High,74,4109,1
98,Liking,Experience,30,0,High,70,5073,1
98,Liking,Experience,32,0,Low,17,3521,1
98,Liking,Experience,34,0,High,63,4533,1
98,Liking,Experience,36,0,Medium,23,4536,1
17,Value,No Experience,4,0,Low,22,6054,1
17,Value,No Experience,6,0,High,90,2459,2
17,Value,No Experience,8,0,Medium,37,3638,3
17,Value,No Experience,10,0,Low,21,2616,4
17,Value,No Experience,12,0,Medium,38,2837,5
17,Value,No Experience,14,0,High,84,2590,3
17,Value,No Experience,16,0,High,83,2796,2
17,Value,No Experience,18,0,Low,20,2377,4
17,Value,No Experience,20,0,Medium,37,2215,4
112,Liking,Experience,39,0,Low,14,8807,4
112,Liking,Experience,41,0,High,49,4390,3
112,Liking,Experience,43,0,Medium,19,4470,3
112,Liking,Experience,45,0,Medium,23,2933,2
112,Liking,Experience,47,0,Low,11,2259,3
112,Liking,Experience,49,0,Medium,16,2355,4
112,Liking,Experience,51,0,Low,12,1099,4
112,Liking,Experience,53,0,High,38,3233,5
112,Liking,Experience,55,0,High,38,1559,4
62,Value,No Experience,4,0,High,93,6254,3
62,Value,No Experience,6,0,Medium,43,3197,2
62,Value,No Experience,8,0,High,93,1784,3
62,Value,No Experience,10,0,High,93,1421,1
62,Value,No Experience,12,0,Low,21,860,2
62,Value,No Experience,14,0,Medium,38,5514,1
62,Value,No Experience,16,0,Low,23,1608,2
62,Value,No Experience,18,0,Medium,38,2578,4
62,Value,No Experience,20,0,Low,22,2026,5
196,Value,Experience,43,0,High,29,2186,2
196,Value,Experience,45,0,Medium,13,1626,3
196,Value,Experience,47,0,High,23,2081,2
196,Value,Experience,49,0,Low,6,2684,2
196,Value,Experience,51,0,Low,5,2807,4
196,Value,Experience,53,0,Low,9,1480,3
196,Value,Experience,55,0,Medium,12,2432,1
196,Value,Experience,57,0,High,20,1494,3
196,Value,Experience,59,0,Medium,11,1753,1
192,Value,Experience,27,0,High,75,5642,1
192,Value,Experience,29,0,High,77,1884,3
192,Value,Experience,31,0,Medium,30,1633,4
192,Value,Experience,33,0,Low,18,2871,3
192,Value,Experience,35,0,High,70,3116,4
192,Value,Experience,37,0,Medium,33,1851,4
192,Value,Experience,39,0,Medium,33,3006,2
192,Value,Experience,41,0,Low,17,3834,4
192,Value,Experience,43,0,Low,15,1704,3
38,Value,No Experience,4,0,Medium,38,7843,2
38,Value,No Experience,6,0,Low,21,6150,3
38,Value,No Experience,8,0,High,90,5419,3
38,Value,No Experience,10,0,High,90,4869,2
38,Value,No Experience,12,0,High,91,3813,1
38,Value,No Experience,14,0,Low,21,6583,2
38,Value,No Experience,16,0,Low,21,2733,4
38,Value,No Experience,18,0,Medium,36,3560,3
38,Value,No Experience,20,0,Medium,35,3338,5
33,Liking,Experience,42,0,Medium,9,9912,1
33,Liking,Experience,44,0,High,19,5287,3
33,Liking,Experience,46,0,Medium,7,1965,3
33,Liking,Experience,48,0,High,18,2982,4
33,Liking,Experience,50,0,Low,6,2265,3
33,Liking,Experience,52,0,Low,5,1704,2
33,Liking,Experience,54,0,Low,5,2232,3
33,Liking,Experience,56,0,High,18,1973,3
33,Liking,Experience,58,0,Medium,7,2882,2
156,Liking,Experience,36,0,High,55,10452,5
156,Liking,Experience,38,0,Medium,30,2818,4
156,Liking,Experience,40,0,Low,15,4224,4
156,Liking,Experience,42,0,Medium,24,2181,5
156,Liking,Experience,44,0,High,62,2792,2
156,Liking,Experience,46,0,Low,16,2433,4
156,Liking,Experience,48,0,Low,10,2399,3
156,Liking,Experience,50,0,High,55,2092,4
156,Liking,Experience,52,0,Medium,26,2561,3
102,Value,Experience,35,0,High,87,2859,3
102,Value,Experience,37,0,High,89,2044,4
102,Value,Experience,39,0,Low,23,2270,2
102,Value,Experience,41,0,Medium,60,8486,2
102,Value,Experience,43,0,Low,30,5414,4
102,Value,Experience,45,0,Low,22,1755,4
102,Value,Experience,47,0,High,86,2532,3
102,Value,Experience,49,0,Medium,34,1751,5
102,Value,Experience,51,0,Medium,34,1701,2
11,Liking,Experience,30,0,Low,20,3197,4
11,Liking,Experience,32,0,Medium,35,1988,1
11,Liking,Experience,34,0,Medium,35,2252,4
11,Liking,Experience,36,0,Low,21,2039,4
11,Liking,Experience,38,0,Medium,35,1504,3
11,Liking,Experience,40,0,Low,19,1074,1
11,Liking,Experience,42,0,High,84,2039,2
11,Liking,Experience,44,0,High,85,1823,2
11,Liking,Experience,46,0,High,82,2082,3
19,Liking,No Experience,4,0,Low,6,7546,4
19,Liking,No Experience,6,0,High,16,4042,3
19,Liking,No Experience,8,0,Low,6,1994,3
19,Liking,No Experience,10,0,High,19,1828,3
19,Liking,No Experience,12,0,Medium,9,3438,2
19,Liking,No Experience,14,0,High,18,1305,2
19,Liking,No Experience,16,0,Medium,8,1195,2
19,Liking,No Experience,18,0,Medium,9,1227,2
19,Liking,No Experience,20,0,Low,6,1030,2
173,Value,Experience,31,0,High,91,4987,4
173,Value,Experience,33,0,High,92,1948,2
173,Value,Experience,35,0,Low,20,988,5
173,Value,Experience,37,0,Medium,36,831,5
173,Value,Experience,39,0,High,91,1951,1
173,Value,Experience,41,0,Medium,36,2042,1
173,Value,Experience,43,0,Low,21,1611,5
173,Value,Experience,45,0,Medium,36,1432,3
173,Value,Experience,47,0,Low,20,1169,3
35,Value,Experience,36,0,Medium,35,5675,2
35,Value,Experience,38,0,Low,20,1837,4
35,Value,Experience,40,0,High,81,2164,1
35,Value,Experience,42,0,Low,18,1865,3
35,Value,Experience,44,0,Medium,33,1831,5
35,Value,Experience,46,0,High,79,1804,2
35,Value,Experience,48,0,Low,19,2182,4
35,Value,Experience,50,0,High,71,2159,2
35,Value,Experience,52,0,Medium,29,1738,5
197,Value,No Experience,4,0,High,61,3865,1
197,Value,No Experience,6,0,High,201,33878,2
197,Value,No Experience,8,0,Medium,26,1870,2
197,Value,No Experience,10,0,Low,27,3218,2
197,Value,No Experience,12,0,Medium,28,4047,2
197,Value,No Experience,14,0,High,62,3339,2
197,Value,No Experience,16,0,Medium,42,4448,2
197,Value,No Experience,18,0,Low,16,1624,2
197,Value,No Experience,20,0,Low,16,1356,2
